{
	"format_version": "1.12.0",
	"minecraft:geometry": [
		{
			"description": {
				"identifier": "geometry.scope_standard_8x - Converted",
				"texture_width": 64,
				"texture_height": 64,
				"visible_bounds_width": 22,
				"visible_bounds_height": 15,
				"visible_bounds_offset": [0, 0.5, 0]
			},
			"bones": [
				{
					"name": "scope_body",
					"pivot": [0, 7.575, 0.125]
				},
				{
					"name": "1_6",
					"parent": "scope_body",
					"pivot": [0, 0.6875, -0.1875]
				},
				{
					"name": "rear_lens",
					"parent": "1_6",
					"pivot": [0.5, 1.25, 2.8125]
				},
				{
					"name": "rear_scope",
					"parent": "1_6",
					"pivot": [0, 0.6875, -0.1875]
				},
				{
					"name": "hexadecagon5",
					"parent": "rear_scope",
					"pivot": [0, 0.6875, -0.1875],
					"cubes": [
						{
							"origin": [-0.30908, -1.45516, -7.96875],
							"size": [0.27474, 0.12187, 9.375],
							"pivot": [-0.375, -0.4375, -2.4975],
							"rotation": [0, 0, -45],
							"uv": {
								"north": {"uv": [57, 1], "uv_size": [0.5, 0.5]},
								"south": {"uv": [57, 2], "uv_size": [0.5, 0.5]},
								"up": {"uv": [0, 53], "uv_size": [0.5, 9.5]},
								"down": {"uv": [53, 9.5], "uv_size": [0.5, -9.5]}
							}
						},
						{
							"origin": [-0.1994, -1.35247, -7.96875],
							"size": [0.27474, 0.12187, 9.375],
							"pivot": [-0.375, -0.4375, -2.4975],
							"rotation": [0, 0, -22.5],
							"uv": {
								"north": {"uv": [57, 3], "uv_size": [0.5, 0.5]},
								"south": {"uv": [57, 4], "uv_size": [0.5, 0.5]},
								"up": {"uv": [1, 53], "uv_size": [0.5, 9.5]},
								"down": {"uv": [2, 62.5], "uv_size": [0.5, -9.5]}
							}
						},
						{
							"origin": [-0.13737, -1.21562, -7.96875],
							"size": [0.27474, 0.12187, 9.375],
							"uv": {
								"north": {"uv": [57, 5], "uv_size": [0.5, 0.5]},
								"south": {"uv": [57, 6], "uv_size": [0.5, 0.5]},
								"up": {"uv": [3, 53], "uv_size": [0.5, 9.5]},
								"down": {"uv": [4, 62.5], "uv_size": [0.5, -9.5]}
							}
						},
						{
							"origin": [-0.13243, -1.06546, -7.96875],
							"size": [0.27474, 0.12187, 9.375],
							"pivot": [-0.375, -0.4375, -2.4975],
							"rotation": [0, 0, 22.5],
							"uv": {
								"north": {"uv": [57, 7], "uv_size": [0.5, 0.5]},
								"south": {"uv": [57, 8], "uv_size": [0.5, 0.5]},
								"up": {"uv": [5, 53], "uv_size": [0.5, 9.5]},
								"down": {"uv": [6, 62.5], "uv_size": [0.5, -9.5]}
							}
						},
						{
							"origin": [-0.18533, -0.92483, -7.96875],
							"size": [0.27474, 0.12187, 9.375],
							"pivot": [-0.375, -0.4375, -2.4975],
							"rotation": [0, 0, 45],
							"uv": {
								"north": {"uv": [57, 9], "uv_size": [0.5, 0.5]},
								"south": {"uv": [57, 10], "uv_size": [0.5, 0.5]},
								"up": {"uv": [7, 53], "uv_size": [0.5, 9.5]},
								"down": {"uv": [8, 62.5], "uv_size": [0.5, -9.5]}
							}
						},
						{
							"origin": [-0.30908, -0.19579, -7.96875],
							"size": [0.27474, 0.12188, 9.375],
							"pivot": [-0.375, -0.4375, -2.4975],
							"rotation": [0, 0, -45],
							"uv": {
								"north": {"uv": [57, 11], "uv_size": [0.5, 0.5]},
								"south": {"uv": [57, 12], "uv_size": [0.5, 0.5]},
								"up": {"uv": [9, 53], "uv_size": [0.5, 9.5]},
								"down": {"uv": [10, 62.5], "uv_size": [0.5, -9.5]}
							}
						},
						{
							"origin": [-0.1994, -0.0931, -7.96875],
							"size": [0.27474, 0.12188, 9.375],
							"pivot": [-0.375, -0.4375, -2.4975],
							"rotation": [0, 0, -22.5],
							"uv": {
								"north": {"uv": [57, 13], "uv_size": [0.5, 0.5]},
								"south": {"uv": [57, 14], "uv_size": [0.5, 0.5]},
								"up": {"uv": [53, 10], "uv_size": [0.5, 9.5]},
								"down": {"uv": [11, 62.5], "uv_size": [0.5, -9.5]}
							}
						},
						{
							"origin": [-0.13737, 0.04375, -7.96875],
							"size": [0.27474, 0.12188, 9.375],
							"uv": {
								"north": {"uv": [57, 15], "uv_size": [0.5, 0.5]},
								"south": {"uv": [57, 16], "uv_size": [0.5, 0.5]},
								"up": {"uv": [12, 53], "uv_size": [0.5, 9.5]},
								"down": {"uv": [13, 62.5], "uv_size": [0.5, -9.5]}
							}
						},
						{
							"origin": [-0.13243, 0.19392, -7.96875],
							"size": [0.27474, 0.12188, 9.375],
							"pivot": [-0.375, -0.4375, -2.4975],
							"rotation": [0, 0, 22.5],
							"uv": {
								"north": {"uv": [57, 17], "uv_size": [0.5, 0.5]},
								"south": {"uv": [18, 57], "uv_size": [0.5, 0.5]},
								"up": {"uv": [14, 53], "uv_size": [0.5, 9.5]},
								"down": {"uv": [15, 62.5], "uv_size": [0.5, -9.5]}
							}
						},
						{
							"origin": [-0.18533, 0.33454, -7.96875],
							"size": [0.27474, 0.12188, 9.375],
							"pivot": [-0.375, -0.4375, -2.4975],
							"rotation": [0, 0, 45],
							"uv": {
								"north": {"uv": [57, 18], "uv_size": [0.5, 0.5]},
								"south": {"uv": [19, 57], "uv_size": [0.5, 0.5]},
								"up": {"uv": [16, 53], "uv_size": [0.5, 9.5]},
								"down": {"uv": [17, 62.5], "uv_size": [0.5, -9.5]}
							}
						},
						{
							"origin": [0.50672, -0.79922, -7.96875],
							"size": [0.12188, 0.27474, 9.375],
							"pivot": [-0.375, -0.4375, -2.4975],
							"rotation": [0, 0, -22.5],
							"uv": {
								"north": {"uv": [57, 19], "uv_size": [0.5, 0.5]},
								"east": {"uv": [18, 53], "uv_size": [9.5, 0.5]},
								"south": {"uv": [20, 57], "uv_size": [0.5, 0.5]},
								"west": {"uv": [53, 20], "uv_size": [9.5, 0.5]}
							}
						},
						{
							"origin": [0.56875, -0.66237, -7.96875],
							"size": [0.12188, 0.27474, 9.375],
							"uv": {
								"north": {"uv": [21, 57], "uv_size": [0.5, 0.5]},
								"east": {"uv": [53, 21], "uv_size": [9.5, 0.5]},
								"south": {"uv": [22, 57], "uv_size": [0.5, 0.5]},
								"west": {"uv": [53, 22], "uv_size": [9.5, 0.5]}
							}
						},
						{
							"origin": [0.57369, -0.5122, -7.96875],
							"size": [0.12188, 0.27474, 9.375],
							"pivot": [-0.375, -0.4375, -2.4975],
							"rotation": [0, 0, 22.5],
							"uv": {
								"north": {"uv": [23, 57], "uv_size": [0.5, 0.5]},
								"east": {"uv": [53, 23], "uv_size": [9.5, 0.5]},
								"south": {"uv": [24, 57], "uv_size": [0.5, 0.5]},
								"west": {"uv": [53, 24], "uv_size": [9.5, 0.5]}
							}
						},
						{
							"origin": [-0.75265, -0.79922, -7.96875],
							"size": [0.12188, 0.27474, 9.375],
							"pivot": [-0.375, -0.4375, -2.4975],
							"rotation": [0, 0, -22.5],
							"uv": {
								"north": {"uv": [25, 57], "uv_size": [0.5, 0.5]},
								"east": {"uv": [53, 25], "uv_size": [9.5, 0.5]},
								"south": {"uv": [26, 57], "uv_size": [0.5, 0.5]},
								"west": {"uv": [53, 26], "uv_size": [9.5, 0.5]}
							}
						},
						{
							"origin": [-0.69062, -0.66237, -7.96875],
							"size": [0.12188, 0.27474, 9.375],
							"uv": {
								"north": {"uv": [27, 57], "uv_size": [0.5, 0.5]},
								"east": {"uv": [53, 27], "uv_size": [9.5, 0.5]},
								"south": {"uv": [28, 57], "uv_size": [0.5, 0.5]},
								"west": {"uv": [28, 53], "uv_size": [9.5, 0.5]}
							}
						},
						{
							"origin": [-0.68569, -0.5122, -7.96875],
							"size": [0.12188, 0.27474, 9.375],
							"pivot": [-0.375, -0.4375, -2.4975],
							"rotation": [0, 0, 22.5],
							"uv": {
								"north": {"uv": [29, 57], "uv_size": [0.5, 0.5]},
								"east": {"uv": [53, 28], "uv_size": [9.5, 0.5]},
								"south": {"uv": [30, 57], "uv_size": [0.5, 0.5]},
								"west": {"uv": [53, 29], "uv_size": [9.5, 0.5]}
							}
						},
						{
							"origin": [-0.29292, -1.37391, -6.53125],
							"size": [0.24242, 0.04062, 9.375],
							"pivot": [-0.375, -0.4375, -2.4975],
							"rotation": [0, 0, -45],
							"uv": {
								"up": {"uv": [53, 30], "uv_size": [0.5, 9.5]},
								"down": {"uv": [38, 62.5], "uv_size": [0.5, -9.5]}
							}
						},
						{
							"origin": [-0.18324, -1.27122, -6.53125],
							"size": [0.24242, 0.04062, 9.375],
							"pivot": [-0.375, -0.4375, -2.4975],
							"rotation": [0, 0, -22.5],
							"uv": {
								"up": {"uv": [39, 53], "uv_size": [0.5, 9.5]},
								"down": {"uv": [40, 62.5], "uv_size": [0.5, -9.5]}
							}
						},
						{
							"origin": [-0.12121, -1.13437, -6.53125],
							"size": [0.24242, 0.04062, 9.375],
							"uv": {
								"up": {"uv": [53, 40], "uv_size": [0.5, 9.5]},
								"down": {"uv": [41, 62.5], "uv_size": [0.5, -9.5]}
							}
						},
						{
							"origin": [-0.11627, -0.98421, -6.53125],
							"size": [0.24242, 0.04062, 9.375],
							"pivot": [-0.375, -0.4375, -2.4975],
							"rotation": [0, 0, 22.5],
							"uv": {
								"up": {"uv": [42, 53], "uv_size": [0.5, 9.5]},
								"down": {"uv": [43, 62.5], "uv_size": [0.5, -9.5]}
							}
						},
						{
							"origin": [-0.16918, -0.84358, -6.53125],
							"size": [0.24242, 0.04062, 9.375],
							"pivot": [-0.375, -0.4375, -2.4975],
							"rotation": [0, 0, 45],
							"uv": {
								"up": {"uv": [44, 53], "uv_size": [0.5, 9.5]},
								"down": {"uv": [45, 62.5], "uv_size": [0.5, -9.5]}
							}
						},
						{
							"origin": [-0.29292, -0.19579, -6.53125],
							"size": [0.24242, 0.04062, 9.375],
							"pivot": [-0.375, -0.4375, -2.4975],
							"rotation": [0, 0, -45],
							"uv": {
								"up": {"uv": [46, 53], "uv_size": [0.5, 9.5]},
								"down": {"uv": [47, 62.5], "uv_size": [0.5, -9.5]}
							}
						},
						{
							"origin": [-0.18324, -0.0931, -6.53125],
							"size": [0.24242, 0.04062, 9.375],
							"pivot": [-0.375, -0.4375, -2.4975],
							"rotation": [0, 0, -22.5],
							"uv": {
								"up": {"uv": [48, 53], "uv_size": [0.5, 9.5]},
								"down": {"uv": [49, 62.5], "uv_size": [0.5, -9.5]}
							}
						},
						{
							"origin": [-0.12121, 0.04375, -6.53125],
							"size": [0.24242, 0.04062, 9.375],
							"uv": {
								"up": {"uv": [50, 53], "uv_size": [0.5, 9.5]},
								"down": {"uv": [53, 59.5], "uv_size": [0.5, -9.5]}
							}
						},
						{
							"origin": [-0.11627, 0.19392, -6.53125],
							"size": [0.24242, 0.04062, 9.375],
							"pivot": [-0.375, -0.4375, -2.4975],
							"rotation": [0, 0, 22.5],
							"uv": {
								"up": {"uv": [51, 53], "uv_size": [0.5, 9.5]},
								"down": {"uv": [52, 62.5], "uv_size": [0.5, -9.5]}
							}
						},
						{
							"origin": [-0.16918, 0.33454, -6.53125],
							"size": [0.24242, 0.04062, 9.375],
							"pivot": [-0.375, -0.4375, -2.4975],
							"rotation": [0, 0, 45],
							"uv": {
								"up": {"uv": [54, 0], "uv_size": [0.5, 9.5]},
								"down": {"uv": [54, 19.5], "uv_size": [0.5, -9.5]}
							}
						},
						{
							"origin": [0.50672, -0.78306, -6.53125],
							"size": [0.04063, 0.24242, 9.375],
							"pivot": [-0.375, -0.4375, -2.4975],
							"rotation": [0, 0, -22.5],
							"uv": {
								"east": {"uv": [18, 54], "uv_size": [9.5, 0.5]},
								"west": {"uv": [28, 54], "uv_size": [9.5, 0.5]}
							}
						},
						{
							"origin": [0.56875, -0.64621, -6.53125],
							"size": [0.04063, 0.24242, 9.375],
							"uv": {
								"east": {"uv": [54, 30], "uv_size": [9.5, 0.5]},
								"west": {"uv": [54, 31], "uv_size": [9.5, 0.5]}
							}
						},
						{
							"origin": [0.57369, -0.49605, -6.53125],
							"size": [0.04063, 0.24242, 9.375],
							"pivot": [-0.375, -0.4375, -2.4975],
							"rotation": [0, 0, 22.5],
							"uv": {
								"east": {"uv": [54, 32], "uv_size": [9.5, 0.5]},
								"west": {"uv": [54, 33], "uv_size": [9.5, 0.5]}
							}
						},
						{
							"origin": [-0.6714, -0.78306, -6.53125],
							"size": [0.04063, 0.24242, 9.375],
							"pivot": [-0.375, -0.4375, -2.4975],
							"rotation": [0, 0, -22.5],
							"uv": {
								"east": {"uv": [54, 34], "uv_size": [9.5, 0.5]},
								"west": {"uv": [54, 35], "uv_size": [9.5, 0.5]}
							}
						},
						{
							"origin": [-0.60937, -0.64621, -6.53125],
							"size": [0.04063, 0.24242, 9.375],
							"uv": {
								"east": {"uv": [54, 36], "uv_size": [9.5, 0.5]},
								"west": {"uv": [54, 37], "uv_size": [9.5, 0.5]}
							}
						},
						{
							"origin": [-0.60444, -0.49605, -6.53125],
							"size": [0.04063, 0.24242, 9.375],
							"pivot": [-0.375, -0.4375, -2.4975],
							"rotation": [0, 0, 22.5],
							"uv": {
								"east": {"uv": [54, 38], "uv_size": [9.5, 0.5]},
								"west": {"uv": [54, 39], "uv_size": [9.5, 0.5]}
							}
						}
					]
				},
				{
					"name": "knob",
					"parent": "1_6",
					"pivot": [0, 0.5, -3.875],
					"cubes": [
						{
							"origin": [-0.2875, 0.04688, -6.43125],
							"size": [0.575, 0.125, 1.2625],
							"uv": {
								"north": {"uv": [58, 52], "uv_size": [0.5, 0.5]},
								"east": {"uv": [55, 8], "uv_size": [1.5, 0.5]},
								"south": {"uv": [58, 53], "uv_size": [0.5, 0.5]},
								"west": {"uv": [55, 9], "uv_size": [1.5, 0.5]},
								"up": {"uv": [55, 10], "uv_size": [0.5, 1.5]},
								"down": {"uv": [55, 13.5], "uv_size": [0.5, -1.5]}
							}
						},
						{
							"origin": [-0.2875, 2.11018, -3.75544],
							"size": [0.575, 0.07813, 0.16875],
							"pivot": [-0.375, -0.4375, -2.4975],
							"rotation": [52.5, 0, 0],
							"uv": {
								"north": {"uv": [24, 60], "uv_size": [0.5, 0.5]},
								"east": {"uv": [25, 60], "uv_size": [0.5, 0.5]},
								"south": {"uv": [26, 60], "uv_size": [0.5, 0.5]},
								"west": {"uv": [27, 60], "uv_size": [0.5, 0.5]},
								"up": {"uv": [28, 60], "uv_size": [0.5, 0.5]},
								"down": {"uv": [29, 60.5], "uv_size": [0.5, -0.5]}
							}
						},
						{
							"origin": [-0.2875, 0.17188, -5.24375],
							"size": [0.575, 0.125, 0.075],
							"uv": {
								"north": {"uv": [30, 60], "uv_size": [0.5, 0.5]},
								"east": {"uv": [31, 60], "uv_size": [0.5, 0.5]},
								"south": {"uv": [32, 60], "uv_size": [0.5, 0.5]},
								"west": {"uv": [33, 60], "uv_size": [0.5, 0.5]},
								"up": {"uv": [34, 60], "uv_size": [0.5, 0.5]},
								"down": {"uv": [35, 60.5], "uv_size": [0.5, -0.5]}
							}
						},
						{
							"origin": [-2.65554, 0.17188, -5.30837],
							"size": [0.2, 0.28125, 0.2],
							"pivot": [-0.375, -0.4375, -2.4975],
							"rotation": [0, -45, 0],
							"uv": {
								"north": {"uv": [36, 60], "uv_size": [0.5, 0.5]},
								"east": {"uv": [37, 60], "uv_size": [0.5, 0.5]},
								"south": {"uv": [60, 40], "uv_size": [0.5, 0.5]},
								"west": {"uv": [60, 41], "uv_size": [0.5, 0.5]},
								"up": {"uv": [60, 42], "uv_size": [0.5, 0.5]},
								"down": {"uv": [60, 43.5], "uv_size": [0.5, -0.5]}
							}
						}
					]
				},
				{
					"name": "octagon8",
					"parent": "knob",
					"pivot": [-0.8625, 0.5, -3.875],
					"cubes": [
						{
							"origin": [-2.74194, 0.23438, -5.65837],
							"size": [0.37279, 0.1875, 0.9],
							"pivot": [-0.375, -0.4375, -2.4975],
							"rotation": [0, -45, 0],
							"uv": {
								"north": {"uv": [31, 57], "uv_size": [0.5, 0.5]},
								"south": {"uv": [32, 57], "uv_size": [0.5, 0.5]},
								"up": {"uv": [55, 54], "uv_size": [0.5, 1]},
								"down": {"uv": [55, 56], "uv_size": [0.5, -1]}
							}
						},
						{
							"origin": [-0.1864, 0.23438, -6.40625],
							"size": [0.37279, 0.1875, 0.9],
							"uv": {
								"north": {"uv": [33, 57], "uv_size": [0.5, 0.5]},
								"south": {"uv": [34, 57], "uv_size": [0.5, 0.5]},
								"up": {"uv": [56, 0], "uv_size": [0.5, 1]},
								"down": {"uv": [56, 2], "uv_size": [0.5, -1]}
							}
						},
						{
							"origin": [-3.00554, 0.23438, -5.39477],
							"size": [0.9, 0.1875, 0.37279],
							"pivot": [-0.375, -0.4375, -2.4975],
							"rotation": [0, -45, 0],
							"uv": {
								"east": {"uv": [35, 57], "uv_size": [0.5, 0.5]},
								"west": {"uv": [36, 57], "uv_size": [0.5, 0.5]},
								"up": {"uv": [56, 4], "uv_size": [1, 0.5]},
								"down": {"uv": [56, 5.5], "uv_size": [1, -0.5]}
							}
						},
						{
							"origin": [-0.45, 0.23438, -6.14265],
							"size": [0.9, 0.1875, 0.37279],
							"uv": {
								"east": {"uv": [37, 57], "uv_size": [0.5, 0.5]},
								"west": {"uv": [57, 40], "uv_size": [0.5, 0.5]},
								"up": {"uv": [56, 6], "uv_size": [1, 0.5]},
								"down": {"uv": [56, 7.5], "uv_size": [1, -0.5]}
							}
						}
					]
				},
				{
					"name": "mount",
					"parent": "1_6",
					"pivot": [0, 0.6875, -0.1875],
					"cubes": [
						{
							"origin": [-1.125, -1.07812, -2.32812],
							"size": [0.75, 0.625, 2.15625],
							"uv": {
								"north": {"uv": [55, 56], "uv_size": [1, 0.5]},
								"east": {"uv": [54, 46], "uv_size": [2, 0.5]},
								"south": {"uv": [56, 55], "uv_size": [1, 0.5]},
								"west": {"uv": [54, 47], "uv_size": [2, 0.5]},
								"up": {"uv": [54, 40], "uv_size": [1, 2]},
								"down": {"uv": [54, 44], "uv_size": [1, -2]}
							}
						},
						{
							"origin": [-1.125, -0.45312, -2.32812],
							"size": [0.125, 0.4375, 2.0625],
							"uv": {
								"north": {"uv": [60, 48], "uv_size": [0.5, 0.5]},
								"east": {"uv": [54, 48], "uv_size": [2, 0.5]},
								"south": {"uv": [60, 49], "uv_size": [0.5, 0.5]},
								"west": {"uv": [54, 49], "uv_size": [2, 0.5]},
								"up": {"uv": [54, 50], "uv_size": [0.5, 2]},
								"down": {"uv": [54, 54], "uv_size": [0.5, -2]}
							}
						},
						{
							"origin": [-1.5, -0.14062, -2.32812],
							"size": [0.375, 0.125, 2.0625],
							"uv": {
								"north": {"uv": [60, 50], "uv_size": [0.5, 0.5]},
								"east": {"uv": [55, 2], "uv_size": [2, 0.5]},
								"south": {"uv": [60, 51], "uv_size": [0.5, 0.5]},
								"west": {"uv": [55, 3], "uv_size": [2, 0.5]},
								"up": {"uv": [55, 4], "uv_size": [0.5, 2]},
								"down": {"uv": [55, 8], "uv_size": [0.5, -2]}
							}
						},
						{
							"origin": [-1.5, -1.32812, -2.32812],
							"size": [0.125, 1.1875, 2.0625],
							"uv": {
								"north": {"uv": [56, 56], "uv_size": [0.5, 1]},
								"east": {"uv": [54, 44], "uv_size": [2, 1]},
								"south": {"uv": [57, 0], "uv_size": [0.5, 1]},
								"west": {"uv": [54, 45], "uv_size": [2, 1]},
								"up": {"uv": [54, 54], "uv_size": [0.5, 2]},
								"down": {"uv": [55, 2], "uv_size": [0.5, -2]}
							}
						}
					]
				},
				{
					"name": "screw",
					"parent": "1_6",
					"pivot": [0, 0.6875, -0.1875]
				},
				{
					"name": "octagon5",
					"parent": "screw",
					"pivot": [0, 0.6875, -0.1875]
				},
				{
					"name": "octagon4",
					"parent": "screw",
					"pivot": [0, 0.6875, -0.1875]
				},
				{
					"name": "hide_when_ads",
					"parent": "1_6",
					"pivot": [0, 5.5, 4.625]
				},
				{
					"name": "hexadecagon4",
					"parent": "hide_when_ads",
					"pivot": [0, 0.6875, -0.1875],
					"cubes": [
						{
							"origin": [-0.31426, -1.50791, -7.40625],
							"size": [0.29836, 0.125, 0.625],
							"pivot": [-0.375, -0.4375, -2.4975],
							"rotation": [0, 0, -45],
							"uv": {
								"north": {"uv": [57, 41], "uv_size": [0.5, 0.5]},
								"south": {"uv": [57, 42], "uv_size": [0.5, 0.5]},
								"up": {"uv": [57, 43], "uv_size": [0.5, 0.5]},
								"down": {"uv": [57, 44.5], "uv_size": [0.5, -0.5]}
							}
						},
						{
							"origin": [-0.20762, -1.40318, -7.40625],
							"size": [0.29836, 0.125, 0.625],
							"pivot": [-0.375, -0.4375, -2.4975],
							"rotation": [0, 0, -22.5],
							"uv": {
								"north": {"uv": [57, 45], "uv_size": [0.5, 0.5]},
								"south": {"uv": [57, 46], "uv_size": [0.5, 0.5]},
								"up": {"uv": [57, 47], "uv_size": [0.5, 0.5]},
								"down": {"uv": [57, 48.5], "uv_size": [0.5, -0.5]}
							}
						},
						{
							"origin": [-0.14918, -1.26562, -7.40625],
							"size": [0.29836, 0.125, 0.625],
							"uv": {
								"north": {"uv": [57, 49], "uv_size": [0.5, 0.5]},
								"south": {"uv": [57, 50], "uv_size": [0.5, 0.5]},
								"up": {"uv": [57, 51], "uv_size": [0.5, 0.5]},
								"down": {"uv": [57, 52.5], "uv_size": [0.5, -0.5]}
							}
						},
						{
							"origin": [-0.14783, -1.11617, -7.40625],
							"size": [0.29836, 0.125, 0.625],
							"pivot": [-0.375, -0.4375, -2.4975],
							"rotation": [0, 0, 22.5],
							"uv": {
								"north": {"uv": [57, 53], "uv_size": [0.5, 0.5]},
								"south": {"uv": [54, 57], "uv_size": [0.5, 0.5]},
								"up": {"uv": [57, 54], "uv_size": [0.5, 0.5]},
								"down": {"uv": [55, 57.5], "uv_size": [0.5, -0.5]}
							}
						},
						{
							"origin": [-0.20377, -0.97758, -7.40625],
							"size": [0.29836, 0.125, 0.625],
							"pivot": [-0.375, -0.4375, -2.4975],
							"rotation": [0, 0, 45],
							"uv": {
								"north": {"uv": [57, 55], "uv_size": [0.5, 0.5]},
								"south": {"uv": [56, 57], "uv_size": [0.5, 0.5]},
								"up": {"uv": [57, 56], "uv_size": [0.5, 0.5]},
								"down": {"uv": [57, 57.5], "uv_size": [0.5, -0.5]}
							}
						},
						{
							"origin": [-0.31426, -0.13291, -7.40625],
							"size": [0.29836, 0.125, 0.625],
							"pivot": [-0.375, -0.4375, -2.4975],
							"rotation": [0, 0, -45],
							"uv": {
								"north": {"uv": [58, 0], "uv_size": [0.5, 0.5]},
								"south": {"uv": [58, 1], "uv_size": [0.5, 0.5]},
								"up": {"uv": [58, 2], "uv_size": [0.5, 0.5]},
								"down": {"uv": [58, 3.5], "uv_size": [0.5, -0.5]}
							}
						},
						{
							"origin": [-0.20762, -0.02818, -7.40625],
							"size": [0.29836, 0.125, 0.625],
							"pivot": [-0.375, -0.4375, -2.4975],
							"rotation": [0, 0, -22.5],
							"uv": {
								"north": {"uv": [58, 4], "uv_size": [0.5, 0.5]},
								"south": {"uv": [58, 5], "uv_size": [0.5, 0.5]},
								"up": {"uv": [58, 6], "uv_size": [0.5, 0.5]},
								"down": {"uv": [58, 7.5], "uv_size": [0.5, -0.5]}
							}
						},
						{
							"origin": [-0.14918, 0.10938, -7.40625],
							"size": [0.29836, 0.125, 0.625],
							"uv": {
								"north": {"uv": [58, 8], "uv_size": [0.5, 0.5]},
								"south": {"uv": [58, 9], "uv_size": [0.5, 0.5]},
								"up": {"uv": [58, 10], "uv_size": [0.5, 0.5]},
								"down": {"uv": [58, 11.5], "uv_size": [0.5, -0.5]}
							}
						},
						{
							"origin": [-0.14783, 0.25883, -7.40625],
							"size": [0.29836, 0.125, 0.625],
							"pivot": [-0.375, -0.4375, -2.4975],
							"rotation": [0, 0, 22.5],
							"uv": {
								"north": {"uv": [58, 12], "uv_size": [0.5, 0.5]},
								"south": {"uv": [58, 13], "uv_size": [0.5, 0.5]},
								"up": {"uv": [58, 14], "uv_size": [0.5, 0.5]},
								"down": {"uv": [58, 15.5], "uv_size": [0.5, -0.5]}
							}
						},
						{
							"origin": [-0.20377, 0.39742, -7.40625],
							"size": [0.29836, 0.125, 0.625],
							"pivot": [-0.375, -0.4375, -2.4975],
							"rotation": [0, 0, 45],
							"uv": {
								"north": {"uv": [58, 16], "uv_size": [0.5, 0.5]},
								"south": {"uv": [58, 17], "uv_size": [0.5, 0.5]},
								"up": {"uv": [18, 58], "uv_size": [0.5, 0.5]},
								"down": {"uv": [58, 18.5], "uv_size": [0.5, -0.5]}
							}
						},
						{
							"origin": [0.56656, -0.80236, -7.40625],
							"size": [0.125, 0.29836, 0.625],
							"pivot": [-0.375, -0.4375, -2.4975],
							"rotation": [0, 0, -22.5],
							"uv": {
								"north": {"uv": [19, 58], "uv_size": [0.5, 0.5]},
								"east": {"uv": [58, 19], "uv_size": [0.5, 0.5]},
								"south": {"uv": [20, 58], "uv_size": [0.5, 0.5]},
								"west": {"uv": [21, 58], "uv_size": [0.5, 0.5]}
							}
						},
						{
							"origin": [0.625, -0.66481, -7.40625],
							"size": [0.125, 0.29836, 0.625],
							"uv": {
								"north": {"uv": [22, 58], "uv_size": [0.5, 0.5]},
								"east": {"uv": [23, 58], "uv_size": [0.5, 0.5]},
								"south": {"uv": [24, 58], "uv_size": [0.5, 0.5]},
								"west": {"uv": [25, 58], "uv_size": [0.5, 0.5]}
							}
						},
						{
							"origin": [0.62635, -0.51535, -7.40625],
							"size": [0.125, 0.29836, 0.625],
							"pivot": [-0.375, -0.4375, -2.4975],
							"rotation": [0, 0, 22.5],
							"uv": {
								"north": {"uv": [26, 58], "uv_size": [0.5, 0.5]},
								"east": {"uv": [27, 58], "uv_size": [0.5, 0.5]},
								"south": {"uv": [28, 58], "uv_size": [0.5, 0.5]},
								"west": {"uv": [29, 58], "uv_size": [0.5, 0.5]}
							}
						},
						{
							"origin": [-0.80844, -0.80236, -7.40625],
							"size": [0.125, 0.29836, 0.625],
							"pivot": [-0.375, -0.4375, -2.4975],
							"rotation": [0, 0, -22.5],
							"uv": {
								"north": {"uv": [30, 58], "uv_size": [0.5, 0.5]},
								"east": {"uv": [31, 58], "uv_size": [0.5, 0.5]},
								"south": {"uv": [32, 58], "uv_size": [0.5, 0.5]},
								"west": {"uv": [33, 58], "uv_size": [0.5, 0.5]}
							}
						},
						{
							"origin": [-0.75, -0.66481, -7.40625],
							"size": [0.125, 0.29836, 0.625],
							"uv": {
								"north": {"uv": [34, 58], "uv_size": [0.5, 0.5]},
								"east": {"uv": [35, 58], "uv_size": [0.5, 0.5]},
								"south": {"uv": [36, 58], "uv_size": [0.5, 0.5]},
								"west": {"uv": [37, 58], "uv_size": [0.5, 0.5]}
							}
						},
						{
							"origin": [-0.74865, -0.51535, -7.40625],
							"size": [0.125, 0.29836, 0.625],
							"pivot": [-0.375, -0.4375, -2.4975],
							"rotation": [0, 0, 22.5],
							"uv": {
								"north": {"uv": [58, 40], "uv_size": [0.5, 0.5]},
								"east": {"uv": [58, 41], "uv_size": [0.5, 0.5]},
								"south": {"uv": [58, 42], "uv_size": [0.5, 0.5]},
								"west": {"uv": [58, 43], "uv_size": [0.5, 0.5]}
							}
						}
					]
				},
				{
					"name": "octagon2",
					"parent": "hide_when_ads",
					"pivot": [0.09722, 1.77257, 0.0625],
					"cubes": [
						{
							"origin": [-0.33785, -0.96472, -0.40625],
							"size": [0.60579, 0.1125, 1.125],
							"pivot": [-0.375, -0.4375, -2.4975],
							"rotation": [0, 0, 45],
							"uv": {
								"north": {"uv": [58, 44], "uv_size": [0.5, 0.5]},
								"south": {"uv": [58, 45], "uv_size": [0.5, 0.5]},
								"up": {"uv": [56, 10], "uv_size": [0.5, 1]},
								"down": {"uv": [56, 12], "uv_size": [0.5, -1]}
							}
						},
						{
							"origin": [-0.29317, 0.08507, -0.40625],
							"size": [0.60579, 0.1125, 1.125],
							"uv": {
								"north": {"uv": [58, 46], "uv_size": [0.5, 0.5]},
								"south": {"uv": [58, 47], "uv_size": [0.5, 0.5]},
								"up": {"uv": [56, 12], "uv_size": [0.5, 1]},
								"down": {"uv": [56, 14], "uv_size": [0.5, -1]}
							}
						},
						{
							"origin": [-0.29508, -1.25868, -0.40625],
							"size": [0.59017, 0.1125, 1.125],
							"uv": {
								"north": {"uv": [60, 46], "uv_size": [0.5, 0.5]},
								"south": {"uv": [60, 47], "uv_size": [0.5, 0.5]},
								"up": {"uv": [54, 56], "uv_size": [0.5, 1]},
								"down": {"uv": [56, 55], "uv_size": [0.5, -1]}
							}
						},
						{
							"origin": [-0.72153, -0.83658, -0.40625],
							"size": [0.1125, 0.60579, 1.125],
							"uv": {
								"north": {"uv": [58, 48], "uv_size": [0.5, 0.5]},
								"east": {"uv": [56, 15], "uv_size": [1, 0.5]},
								"south": {"uv": [58, 49], "uv_size": [0.5, 0.5]},
								"west": {"uv": [56, 16], "uv_size": [1, 0.5]}
							}
						},
						{
							"origin": [0.60903, -0.83658, -0.40625],
							"size": [0.1125, 0.60579, 1.125],
							"uv": {
								"north": {"uv": [60, 6], "uv_size": [0.5, 0.5]},
								"east": {"uv": [29, 56], "uv_size": [1, 0.5]},
								"south": {"uv": [60, 7], "uv_size": [0.5, 0.5]},
								"west": {"uv": [30, 56], "uv_size": [1, 0.5]}
							}
						},
						{
							"origin": [-0.7662, -0.53637, -0.40625],
							"size": [0.1125, 0.60579, 1.125],
							"pivot": [-0.375, -0.4375, -2.4975],
							"rotation": [0, 0, 45],
							"uv": {
								"north": {"uv": [58, 50], "uv_size": [0.5, 0.5]},
								"east": {"uv": [56, 17], "uv_size": [1, 0.5]},
								"south": {"uv": [58, 51], "uv_size": [0.5, 0.5]},
								"west": {"uv": [18, 56], "uv_size": [1, 0.5]}
							}
						},
						{
							"origin": [0.43403, -1.0667, -0.40625],
							"size": [0.1125, 0.60579, 1.125],
							"pivot": [-0.375, -0.4375, -2.4975],
							"rotation": [0, 0, -45],
							"uv": {
								"north": {"uv": [60, 10], "uv_size": [0.5, 0.5]},
								"east": {"uv": [33, 56], "uv_size": [1, 0.5]},
								"south": {"uv": [60, 11], "uv_size": [0.5, 0.5]},
								"west": {"uv": [34, 56], "uv_size": [1, 0.5]}
							}
						},
						{
							"origin": [-0.48761, -1.49505, -0.40625],
							"size": [0.60579, 0.1125, 1.125],
							"pivot": [-0.375, -0.4375, -2.4975],
							"rotation": [0, 0, -45],
							"uv": {
								"north": {"uv": [60, 8], "uv_size": [0.5, 0.5]},
								"south": {"uv": [60, 9], "uv_size": [0.5, 0.5]},
								"up": {"uv": [31, 56], "uv_size": [0.5, 1]},
								"down": {"uv": [32, 57], "uv_size": [0.5, -1]}
							}
						}
					]
				},
				{
					"name": "octagon3",
					"parent": "hide_when_ads",
					"pivot": [0.09722, 1.77257, -2.6875],
					"cubes": [
						{
							"origin": [-0.33785, -0.96472, -3.15625],
							"size": [0.60579, 0.1125, 1.125],
							"pivot": [-0.375, -0.4375, -2.4975],
							"rotation": [0, 0, 45],
							"uv": {
								"north": {"uv": [60, 12], "uv_size": [0.5, 0.5]},
								"south": {"uv": [60, 13], "uv_size": [0.5, 0.5]},
								"up": {"uv": [35, 56], "uv_size": [0.5, 1]},
								"down": {"uv": [36, 57], "uv_size": [0.5, -1]}
							}
						},
						{
							"origin": [-0.29317, 0.08507, -3.15625],
							"size": [0.60579, 0.1125, 1.125],
							"uv": {
								"north": {"uv": [60, 14], "uv_size": [0.5, 0.5]},
								"south": {"uv": [60, 15], "uv_size": [0.5, 0.5]},
								"up": {"uv": [56, 40], "uv_size": [0.5, 1]},
								"down": {"uv": [56, 42], "uv_size": [0.5, -1]}
							}
						},
						{
							"origin": [-0.29508, -1.25868, -3.15625],
							"size": [0.59017, 0.1125, 1.125],
							"uv": {
								"north": {"uv": [60, 44], "uv_size": [0.5, 0.5]},
								"south": {"uv": [60, 45], "uv_size": [0.5, 0.5]},
								"up": {"uv": [56, 52], "uv_size": [0.5, 1]},
								"down": {"uv": [56, 54], "uv_size": [0.5, -1]}
							}
						},
						{
							"origin": [-0.72153, -0.83658, -3.15625],
							"size": [0.1125, 0.60579, 1.125],
							"uv": {
								"north": {"uv": [60, 16], "uv_size": [0.5, 0.5]},
								"east": {"uv": [56, 42], "uv_size": [1, 0.5]},
								"south": {"uv": [60, 17], "uv_size": [0.5, 0.5]},
								"west": {"uv": [56, 43], "uv_size": [1, 0.5]}
							}
						},
						{
							"origin": [0.60903, -0.83658, -3.15625],
							"size": [0.1125, 0.60579, 1.125],
							"uv": {
								"north": {"uv": [18, 60], "uv_size": [0.5, 0.5]},
								"east": {"uv": [56, 44], "uv_size": [1, 0.5]},
								"south": {"uv": [60, 18], "uv_size": [0.5, 0.5]},
								"west": {"uv": [56, 45], "uv_size": [1, 0.5]}
							}
						},
						{
							"origin": [-0.7662, -0.53637, -3.15625],
							"size": [0.1125, 0.60579, 1.125],
							"pivot": [-0.375, -0.4375, -2.4975],
							"rotation": [0, 0, 45],
							"uv": {
								"north": {"uv": [19, 60], "uv_size": [0.5, 0.5]},
								"east": {"uv": [56, 46], "uv_size": [1, 0.5]},
								"south": {"uv": [60, 19], "uv_size": [0.5, 0.5]},
								"west": {"uv": [56, 47], "uv_size": [1, 0.5]}
							}
						},
						{
							"origin": [0.43403, -1.0667, -3.15625],
							"size": [0.1125, 0.60579, 1.125],
							"pivot": [-0.375, -0.4375, -2.4975],
							"rotation": [0, 0, -45],
							"uv": {
								"north": {"uv": [20, 60], "uv_size": [0.5, 0.5]},
								"east": {"uv": [56, 48], "uv_size": [1, 0.5]},
								"south": {"uv": [21, 60], "uv_size": [0.5, 0.5]},
								"west": {"uv": [56, 49], "uv_size": [1, 0.5]}
							}
						},
						{
							"origin": [-0.48761, -1.49505, -3.15625],
							"size": [0.60579, 0.1125, 1.125],
							"pivot": [-0.375, -0.4375, -2.4975],
							"rotation": [0, 0, -45],
							"uv": {
								"north": {"uv": [22, 60], "uv_size": [0.5, 0.5]},
								"south": {"uv": [23, 60], "uv_size": [0.5, 0.5]},
								"up": {"uv": [56, 50], "uv_size": [0.5, 1]},
								"down": {"uv": [56, 52], "uv_size": [0.5, -1]}
							}
						}
					]
				},
				{
					"name": "knob_base",
					"parent": "hide_when_ads",
					"pivot": [-1.125, 4.6875, 3.875],
					"cubes": [
						{
							"origin": [0.62684, -0.82812, -4.59375],
							"size": [0.12132, 0.625, 1.25],
							"uv": {
								"north": {"uv": [59, 5], "uv_size": [0.5, 0.5]},
								"south": {"uv": [59, 6], "uv_size": [0.5, 0.5]},
								"west": {"uv": [29, 55], "uv_size": [1.5, 0.5]}
							}
						},
						{
							"origin": [0.57041, -0.53824, -4.59375],
							"size": [0.125, 0.61872, 1.25],
							"pivot": [-0.375, -0.4375, -2.4975],
							"rotation": [0, 0, 45],
							"uv": {
								"north": {"uv": [59, 3], "uv_size": [0.5, 0.5]},
								"east": {"uv": [25, 55], "uv_size": [1.5, 0.5]},
								"south": {"uv": [59, 4], "uv_size": [0.5, 0.5]},
								"west": {"uv": [27, 55], "uv_size": [1.5, 0.5]}
							}
						},
						{
							"origin": [-0.31066, -1.26562, -4.59375],
							"size": [0.62132, 0.125, 1.25],
							"uv": {
								"north": {"uv": [59, 1], "uv_size": [0.5, 0.5]},
								"south": {"uv": [59, 2], "uv_size": [0.5, 0.5]},
								"down": {"uv": [24, 56.5], "uv_size": [0.5, -1.5]}
							}
						},
						{
							"origin": [-0.36265, -0.97758, -4.59375],
							"size": [0.61872, 0.125, 1.25],
							"pivot": [-0.375, -0.4375, -2.4975],
							"rotation": [0, 0, 45],
							"uv": {
								"north": {"uv": [58, 58], "uv_size": [0.5, 0.5]},
								"south": {"uv": [59, 0], "uv_size": [0.5, 0.5]},
								"down": {"uv": [23, 56.5], "uv_size": [0.5, -1.5]}
							}
						},
						{
							"origin": [-0.74816, -0.82812, -4.59375],
							"size": [0.12132, 0.625, 1.25],
							"uv": {
								"north": {"uv": [57, 58], "uv_size": [0.5, 0.5]},
								"east": {"uv": [21, 55], "uv_size": [1.5, 0.5]},
								"south": {"uv": [58, 57], "uv_size": [0.5, 0.5]}
							}
						},
						{
							"origin": [-0.80459, -0.53824, -4.59375],
							"size": [0.125, 0.62132, 1.25],
							"pivot": [-0.375, -0.4375, -2.4975],
							"rotation": [0, 0, 45],
							"uv": {
								"north": {"uv": [56, 58], "uv_size": [0.5, 0.5]},
								"east": {"uv": [18, 55], "uv_size": [1.5, 0.5]},
								"south": {"uv": [58, 56], "uv_size": [0.5, 0.5]},
								"west": {"uv": [55, 19], "uv_size": [1.5, 0.5]},
								"down": {"uv": [20, 56.5], "uv_size": [0.5, -1.5]}
							}
						},
						{
							"origin": [-0.31066, 0.10938, -4.59375],
							"size": [0.62132, 0.125, 1.25],
							"uv": {
								"north": {"uv": [55, 58], "uv_size": [0.5, 0.5]},
								"south": {"uv": [58, 55], "uv_size": [0.5, 0.5]},
								"up": {"uv": [55, 17], "uv_size": [0.5, 1.5]}
							}
						},
						{
							"origin": [-0.36525, 0.39742, -4.59375],
							"size": [0.62132, 0.125, 1.25],
							"pivot": [-0.375, -0.4375, -2.4975],
							"rotation": [0, 0, 45],
							"uv": {
								"north": {"uv": [54, 58], "uv_size": [0.5, 0.5]},
								"south": {"uv": [58, 54], "uv_size": [0.5, 0.5]},
								"west": {"uv": [55, 14], "uv_size": [1.5, 0.5]},
								"up": {"uv": [55, 15], "uv_size": [0.5, 1.5]}
							}
						}
					]
				},
				{
					"name": "lens",
					"parent": "hide_when_ads",
					"pivot": [0.5, 0.375, -6.6875],
					"cubes": [
						{
							"origin": [-0.31083, -1.44494, -7.935],
							"size": [0.2688, 1.35135, 0],
							"pivot": [-0.375, -0.4375, -2.4975],
							"rotation": [0, 0, -45],
							"uv": {
								"south": {"uv": [55, 52], "uv_size": [0.5, 1.5]}
							}
						},
						{
							"origin": [-0.19899, -1.3437, -7.935],
							"size": [0.2688, 1.35135, 0],
							"pivot": [-0.375, -0.4375, -2.4975],
							"rotation": [0, 0, -22.5],
							"uv": {
								"south": {"uv": [55, 50], "uv_size": [0.5, 1.5]}
							}
						},
						{
							"origin": [-0.1344, -1.20736, -7.935],
							"size": [0.2688, 1.35135, 0],
							"uv": {
								"south": {"uv": [55, 42], "uv_size": [0.5, 1.5]}
							}
						},
						{
							"origin": [-0.1269, -1.05669, -7.935],
							"size": [0.2688, 1.35135, 0],
							"pivot": [-0.375, -0.4375, -2.4975],
							"rotation": [0, 0, 22.5],
							"uv": {
								"south": {"uv": [55, 40], "uv_size": [0.5, 1.5]}
							}
						},
						{
							"origin": [-0.17763, -0.91461, -7.935],
							"size": [0.2688, 1.35135, 0],
							"pivot": [-0.375, -0.4375, -2.4975],
							"rotation": [0, 0, 45],
							"uv": {
								"south": {"uv": [37, 55], "uv_size": [0.5, 1.5]}
							}
						},
						{
							"origin": [-0.74026, -0.80242, -7.935],
							"size": [1.35135, 0.2688, 0],
							"pivot": [-0.375, -0.4375, -2.4975],
							"rotation": [0, 0, -22.5],
							"uv": {
								"south": {"uv": [35, 55], "uv_size": [1.5, 0.5]}
							}
						},
						{
							"origin": [-0.67568, -0.66609, -7.935],
							"size": [1.35135, 0.2688, 0],
							"uv": {
								"south": {"uv": [33, 55], "uv_size": [1.5, 0.5]}
							}
						},
						{
							"origin": [-0.66818, -0.51541, -7.935],
							"size": [1.35135, 0.2688, 0],
							"pivot": [-0.375, -0.4375, -2.4975],
							"rotation": [0, 0, 22.5],
							"uv": {
								"south": {"uv": [31, 55], "uv_size": [1.5, 0.5]}
							}
						}
					]
				},
				{
					"name": "ocular_ring",
					"pivot": [0, 0, 0]
				},
				{
					"name": "hexadecagon6",
					"parent": "ocular_ring",
					"pivot": [0, 1.15219, -0.1875],
					"cubes": [
						{
							"origin": [-0.29026, -1.38102, 2.78125],
							"size": [0.24727, 0.07313, 0.3125],
							"pivot": [-0.375, -0.4375, -2.4975],
							"rotation": [0, 0, -45],
							"uv": {
								"north": {"uv": [59, 7], "uv_size": [0.5, 0.5]},
								"south": {"uv": [59, 8], "uv_size": [0.5, 0.5]},
								"up": {"uv": [59, 9], "uv_size": [0.5, 0.5]},
								"down": {"uv": [59, 10.5], "uv_size": [0.5, -0.5]}
							}
						},
						{
							"origin": [-0.18291, -1.27677, 2.78125],
							"size": [0.24727, 0.07313, 0.3125],
							"pivot": [-0.375, -0.4375, -2.4975],
							"rotation": [0, 0, -22.5],
							"uv": {
								"north": {"uv": [59, 11], "uv_size": [0.5, 0.5]},
								"south": {"uv": [59, 12], "uv_size": [0.5, 0.5]},
								"up": {"uv": [59, 13], "uv_size": [0.5, 0.5]},
								"down": {"uv": [59, 14.5], "uv_size": [0.5, -0.5]}
							}
						},
						{
							"origin": [-0.12363, -1.13937, 2.78125],
							"size": [0.24727, 0.07313, 0.3125],
							"uv": {
								"north": {"uv": [59, 15], "uv_size": [0.5, 0.5]},
								"south": {"uv": [59, 16], "uv_size": [0.5, 0.5]},
								"up": {"uv": [59, 17], "uv_size": [0.5, 0.5]},
								"down": {"uv": [18, 59.5], "uv_size": [0.5, -0.5]}
							}
						},
						{
							"origin": [-0.12144, -0.98976, 2.78125],
							"size": [0.24727, 0.07313, 0.3125],
							"pivot": [-0.375, -0.4375, -2.4975],
							"rotation": [0, 0, 22.5],
							"uv": {
								"north": {"uv": [59, 18], "uv_size": [0.5, 0.5]},
								"south": {"uv": [19, 59], "uv_size": [0.5, 0.5]},
								"up": {"uv": [59, 19], "uv_size": [0.5, 0.5]},
								"down": {"uv": [20, 59.5], "uv_size": [0.5, -0.5]}
							}
						},
						{
							"origin": [-0.17668, -0.85069, 2.78125],
							"size": [0.24727, 0.07313, 0.3125],
							"pivot": [-0.375, -0.4375, -2.4975],
							"rotation": [0, 0, 45],
							"uv": {
								"north": {"uv": [21, 59], "uv_size": [0.5, 0.5]},
								"south": {"uv": [22, 59], "uv_size": [0.5, 0.5]},
								"up": {"uv": [23, 59], "uv_size": [0.5, 0.5]},
								"down": {"uv": [24, 59.5], "uv_size": [0.5, -0.5]}
							}
						},
						{
							"origin": [-0.29026, -0.21102, 2.78125],
							"size": [0.24727, 0.07313, 0.3125],
							"pivot": [-0.375, -0.4375, -2.4975],
							"rotation": [0, 0, -45],
							"uv": {
								"north": {"uv": [25, 59], "uv_size": [0.5, 0.5]},
								"south": {"uv": [26, 59], "uv_size": [0.5, 0.5]},
								"up": {"uv": [27, 59], "uv_size": [0.5, 0.5]},
								"down": {"uv": [28, 59.5], "uv_size": [0.5, -0.5]}
							}
						},
						{
							"origin": [-0.18291, -0.10677, 2.78125],
							"size": [0.24727, 0.07313, 0.3125],
							"pivot": [-0.375, -0.4375, -2.4975],
							"rotation": [0, 0, -22.5],
							"uv": {
								"north": {"uv": [29, 59], "uv_size": [0.5, 0.5]},
								"south": {"uv": [30, 59], "uv_size": [0.5, 0.5]},
								"up": {"uv": [31, 59], "uv_size": [0.5, 0.5]},
								"down": {"uv": [32, 59.5], "uv_size": [0.5, -0.5]}
							}
						},
						{
							"origin": [-0.12363, 0.03063, 2.78125],
							"size": [0.24727, 0.07313, 0.3125],
							"uv": {
								"north": {"uv": [33, 59], "uv_size": [0.5, 0.5]},
								"south": {"uv": [34, 59], "uv_size": [0.5, 0.5]},
								"up": {"uv": [35, 59], "uv_size": [0.5, 0.5]},
								"down": {"uv": [36, 59.5], "uv_size": [0.5, -0.5]}
							}
						},
						{
							"origin": [-0.12144, 0.18024, 2.78125],
							"size": [0.24727, 0.07313, 0.3125],
							"pivot": [-0.375, -0.4375, -2.4975],
							"rotation": [0, 0, 22.5],
							"uv": {
								"north": {"uv": [37, 59], "uv_size": [0.5, 0.5]},
								"south": {"uv": [59, 40], "uv_size": [0.5, 0.5]},
								"up": {"uv": [59, 41], "uv_size": [0.5, 0.5]},
								"down": {"uv": [59, 42.5], "uv_size": [0.5, -0.5]}
							}
						},
						{
							"origin": [-0.17668, 0.31931, 2.78125],
							"size": [0.24727, 0.07313, 0.3125],
							"pivot": [-0.375, -0.4375, -2.4975],
							"rotation": [0, 0, 45],
							"uv": {
								"north": {"uv": [59, 43], "uv_size": [0.5, 0.5]},
								"south": {"uv": [59, 44], "uv_size": [0.5, 0.5]},
								"up": {"uv": [59, 45], "uv_size": [0.5, 0.5]},
								"down": {"uv": [59, 46.5], "uv_size": [0.5, -0.5]}
							}
						},
						{
							"origin": [0.48916, -0.77884, 2.78125],
							"size": [0.07313, 0.24727, 0.3125],
							"pivot": [-0.375, -0.4375, -2.4975],
							"rotation": [0, 0, -22.5],
							"uv": {
								"north": {"uv": [59, 47], "uv_size": [0.5, 0.5]},
								"east": {"uv": [59, 48], "uv_size": [0.5, 0.5]},
								"south": {"uv": [59, 49], "uv_size": [0.5, 0.5]},
								"west": {"uv": [59, 50], "uv_size": [0.5, 0.5]}
							}
						},
						{
							"origin": [0.54844, -0.64145, 2.78125],
							"size": [0.07313, 0.24727, 0.3125],
							"uv": {
								"north": {"uv": [59, 51], "uv_size": [0.5, 0.5]},
								"east": {"uv": [59, 52], "uv_size": [0.5, 0.5]},
								"south": {"uv": [59, 53], "uv_size": [0.5, 0.5]},
								"west": {"uv": [54, 59], "uv_size": [0.5, 0.5]}
							}
						},
						{
							"origin": [0.55063, -0.49183, 2.78125],
							"size": [0.07313, 0.24727, 0.3125],
							"pivot": [-0.375, -0.4375, -2.4975],
							"rotation": [0, 0, 22.5],
							"uv": {
								"north": {"uv": [59, 54], "uv_size": [0.5, 0.5]},
								"east": {"uv": [55, 59], "uv_size": [0.5, 0.5]},
								"south": {"uv": [59, 55], "uv_size": [0.5, 0.5]},
								"west": {"uv": [56, 59], "uv_size": [0.5, 0.5]}
							}
						},
						{
							"origin": [-0.68084, -0.77884, 2.78125],
							"size": [0.07313, 0.24727, 0.3125],
							"pivot": [-0.375, -0.4375, -2.4975],
							"rotation": [0, 0, -22.5],
							"uv": {
								"north": {"uv": [59, 56], "uv_size": [0.5, 0.5]},
								"east": {"uv": [57, 59], "uv_size": [0.5, 0.5]},
								"south": {"uv": [59, 57], "uv_size": [0.5, 0.5]},
								"west": {"uv": [58, 59], "uv_size": [0.5, 0.5]}
							}
						},
						{
							"origin": [-0.62156, -0.64145, 2.78125],
							"size": [0.07313, 0.24727, 0.3125],
							"uv": {
								"north": {"uv": [59, 58], "uv_size": [0.5, 0.5]},
								"east": {"uv": [59, 59], "uv_size": [0.5, 0.5]},
								"south": {"uv": [60, 0], "uv_size": [0.5, 0.5]},
								"west": {"uv": [60, 1], "uv_size": [0.5, 0.5]}
							}
						},
						{
							"origin": [-0.61937, -0.49183, 2.78125],
							"size": [0.07313, 0.24727, 0.3125],
							"pivot": [-0.375, -0.4375, -2.4975],
							"rotation": [0, 0, 22.5],
							"uv": {
								"north": {"uv": [60, 2], "uv_size": [0.5, 0.5]},
								"east": {"uv": [60, 3], "uv_size": [0.5, 0.5]},
								"south": {"uv": [60, 4], "uv_size": [0.5, 0.5]},
								"west": {"uv": [60, 5], "uv_size": [0.5, 0.5]}
							}
						}
					]
				},
				{
					"name": "ocular",
					"pivot": [0, 1.79644, 2.84625],
					"cubes": [
						{
							"origin": [-0.55556, -0.49301, 2.94],
							"size": [1.12613, 0.224, 0],
							"pivot": [-0.375, -0.4375, -2.4975],
							"rotation": [0, 0, 22.5],
							"uv": {
								"south": {"uv": [56, 18], "uv_size": [1, 0.5]}
							}
						},
						{
							"origin": [-0.56306, -0.64369, 2.94],
							"size": [1.12613, 0.224, 0],
							"uv": {
								"south": {"uv": [19, 56], "uv_size": [1, 0.5]}
							}
						},
						{
							"origin": [-0.62765, -0.78002, 2.94],
							"size": [1.12613, 0.224, 0],
							"pivot": [-0.375, -0.4375, -2.4975],
							"rotation": [0, 0, -22.5],
							"uv": {
								"south": {"uv": [21, 56], "uv_size": [1, 0.5]}
							}
						},
						{
							"origin": [-0.15523, -0.802, 2.94],
							"size": [0.224, 1.12613, 0],
							"pivot": [-0.375, -0.4375, -2.4975],
							"rotation": [0, 0, 45],
							"uv": {
								"south": {"uv": [22, 56], "uv_size": [0.5, 1]}
							}
						},
						{
							"origin": [-0.1045, -0.94407, 2.94],
							"size": [0.224, 1.12613, 0],
							"pivot": [-0.375, -0.4375, -2.4975],
							"rotation": [0, 0, 22.5],
							"uv": {
								"south": {"uv": [25, 56], "uv_size": [0.5, 1]}
							}
						},
						{
							"origin": [-0.112, -1.09475, 2.94],
							"size": [0.224, 1.12613, 0],
							"uv": {
								"south": {"uv": [26, 56], "uv_size": [0.5, 1]}
							}
						},
						{
							"origin": [-0.17659, -1.23109, 2.94],
							"size": [0.224, 1.12613, 0],
							"pivot": [-0.375, -0.4375, -2.4975],
							"rotation": [0, 0, -22.5],
							"uv": {
								"south": {"uv": [27, 56], "uv_size": [0.5, 1]}
							}
						},
						{
							"origin": [-0.28843, -1.33233, 2.94],
							"size": [0.224, 1.12613, 0],
							"pivot": [-0.375, -0.4375, -2.4975],
							"rotation": [0, 0, -45],
							"uv": {
								"south": {"uv": [28, 56], "uv_size": [0.5, 1]}
							}
						}
					]
				},
				{
					"name": "division",
					"pivot": [0.01562, -0.55134, -80.55357],
					"cubes": [
						{
							"origin": [-26.1875, -27.39062, -80.75],
							"size": [52.375, 52.40625, 0.25],
							"uv": {
								"south": {"uv": [0, 0], "uv_size": [52.5, 52.5]}
							}
						},
						{
							"origin": [-92.89375, -77.375, -80.75],
							"size": [66.70625, 152.375, 0.25],
							"uv": {
								"south": {"uv": [61, 0], "uv_size": [3, 1]}
							}
						},
						{
							"origin": [26.1875, -77.375, -80.75],
							"size": [67.26875, 152.375, 0.25],
							"uv": {
								"south": {"uv": [61, 0], "uv_size": [3, 1]}
							}
						},
						{
							"origin": [-26.1875, 25, -80.75],
							"size": [52.375, 50, 0.25],
							"uv": {
								"south": {"uv": [61, 0], "uv_size": [3, 1]}
							}
						},
						{
							"origin": [-26.1875, -77.375, -80.75],
							"size": [52.375, 50, 0.25],
							"uv": {
								"south": {"uv": [61, 0], "uv_size": [3, 1]}
							}
						},
						{
							"origin": [-26.3125, -0.59375, -80.375],
							"size": [52.5, 0.09375, 0],
							"uv": {
								"south": {"uv": [61, 0], "uv_size": [3, 1]}
							}
						},
						{
							"origin": [8.75, 1.34375, -80.375],
							"size": [7.3125, 0.09375, 0],
							"uv": {
								"south": {"uv": [61, 0], "uv_size": [3, 1]}
							}
						},
						{
							"origin": [14.6875, 2.59375, -80.375],
							"size": [6.625, 0.09375, 0],
							"uv": {
								"south": {"uv": [61, 0], "uv_size": [3, 1]}
							}
						},
						{
							"origin": [20.0625, 3.21875, -80.375],
							"size": [6.125, 0.09375, 0],
							"uv": {
								"south": {"uv": [61, 0], "uv_size": [3, 1]}
							}
						},
						{
							"origin": [-26.4375, -1.03126, -80.375],
							"size": [52.875, 0.09375, 0],
							"pivot": [-0.00001, -0.98438, -80.375],
							"rotation": [0, 0, -90],
							"uv": {
								"south": {"uv": [61, 0], "uv_size": [3, 1]}
							}
						}
					]
				},
				{
					"name": "scope_view",
					"pivot": [0, -0.5, 4.875]
				}
			]
		}
	]
}