{
	"format_version": "1.8.0",
	"animations": {
		"static_idle": {
			"loop": true,
			"animation_length": 0.75,
			"bones": {
				"right_hand": {
					"rotation": [83.24097, -21.06286, -26.22848],
					"position": [4, -12, -2],
					"scale": [1, 1.2, 1]
				},
				"left_hand": {
					"rotation": [98.92578, 20.64981, 41.84648],
					"position": [-3.6875, -10.75, -14.5],
					"scale": [1, 1.3, 1]
				},
				"pin": {
					"position": [0, 0, 0]
				}
			}
		},
		"static_bolt_caught": {
			"loop": true,
			"bones": {
				"pin": {
					"position": [0, 0, -0.5]
				}
			}
		},
		"reload_empty": {
			"animation_length": 4.6667,
			"bones": {
				"root": {
					"rotation": {
						"0.0": {
							"post": [0, 0, 0],
							"lerp_mode": "catmullrom"
						},
						"0.25": {
							"post": [-5.93845, 3.73171, 4.10967],
							"lerp_mode": "catmullrom"
						},
						"0.4583": {
							"post": [-11.93845, 3.73171, 16.10967],
							"lerp_mode": "catmullrom"
						},
						"0.9167": {
							"post": [-13.84, 3.73, 17.11],
							"lerp_mode": "catmullrom"
						},
						"1.25": {
							"post": [-16.94, 3.73, 17.11],
							"lerp_mode": "catmullrom"
						},
						"1.4167": {
							"post": [-19.43845, 3.73171, 17.10967],
							"lerp_mode": "catmullrom"
						},
						"1.8333": {
							"post": [-19.43845, 3.73171, 17.10967],
							"lerp_mode": "catmullrom"
						},
						"2.9167": {
							"post": [-11.93845, 3.73171, 17.10967],
							"lerp_mode": "catmullrom"
						},
						"3.2917": {
							"post": [-12.5, 0, 0],
							"lerp_mode": "catmullrom"
						},
						"3.7083": {
							"post": [10, 0, 0],
							"lerp_mode": "catmullrom"
						},
						"4.2083": {
							"post": [2, 0, 0],
							"lerp_mode": "catmullrom"
						},
						"4.625": {
							"post": [0, 0, 0],
							"lerp_mode": "catmullrom"
						}
					},
					"position": {
						"0.0": {
							"post": [0, 0, 0],
							"lerp_mode": "catmullrom"
						},
						"0.0833": {
							"post": [0, 0.22, -0.22],
							"lerp_mode": "catmullrom"
						},
						"0.25": {
							"post": [0, 0, 0],
							"lerp_mode": "catmullrom"
						},
						"0.3333": {
							"post": [0, -0.42, 0.63],
							"lerp_mode": "catmullrom"
						},
						"0.4583": {
							"post": [0, -3, 1],
							"lerp_mode": "catmullrom"
						},
						"0.625": {
							"post": [0, -5, 1],
							"lerp_mode": "catmullrom"
						},
						"0.875": {
							"post": [1, -5, 1.44],
							"lerp_mode": "catmullrom"
						},
						"1.1667": {
							"post": [0, -5, 2],
							"lerp_mode": "catmullrom"
						},
						"1.5417": {
							"post": [0, -5, 1],
							"lerp_mode": "catmullrom"
						},
						"1.7083": {
							"post": [0, -5, 1],
							"lerp_mode": "catmullrom"
						},
						"1.8333": {
							"post": [0, -4, -0.5],
							"lerp_mode": "catmullrom"
						},
						"2.0417": {
							"post": [0, -6, 0],
							"lerp_mode": "catmullrom"
						},
						"2.375": {
							"post": [0, -5.85, 0.62],
							"lerp_mode": "catmullrom"
						},
						"2.4583": {
							"post": [0, -4.79, -2.28],
							"lerp_mode": "catmullrom"
						},
						"2.875": {
							"post": [0, -3, 1],
							"lerp_mode": "catmullrom"
						},
						"3.2917": {
							"post": [0, 0.5, -1],
							"lerp_mode": "catmullrom"
						},
						"3.6667": {
							"post": [0, -1.625, -0.5],
							"lerp_mode": "catmullrom"
						},
						"4.2083": {
							"post": [0, -0.3125, 0],
							"lerp_mode": "catmullrom"
						},
						"4.625": {
							"post": [0, 0, 0],
							"lerp_mode": "catmullrom"
						}
					}
				},
				"bolt": {
					"position": {
						"0.2083": [0, 0, 0],
						"0.2917": [0, 0, 6],
						"2.3333": [0, 0, 6],
						"2.4167": [0, 0, 0]
					}
				},
				"bullet": {
					"rotation": {
						"0.2917": [0, 0, 0],
						"0.3333": [-365, -365, -365],
						"0.375": [0, 0, 0],
						"1.2917": [0, -20, 0],
						"1.4583": [11.17632, -21.89499, 9.65259],
						"1.5417": [8.67632, -21.89499, 9.65259],
						"1.7083": [8.67632, -21.89499, 9.65259],
						"1.8333": [0, 0, 0]
					},
					"position": {
						"0.0": [0, 0, 0],
						"0.1667": [0, 0, 0],
						"0.2083": [0, 0, 2.5],
						"0.2917": {
							"pre": [0, 0, 7],
							"post": [-1, 0, 7]
						},
						"0.4167": {
							"pre": [-41.68, 4.46, 9.42],
							"post": [-41.68, 4.46, 9.42],
							"lerp_mode": "catmullrom"
						},
						"0.6667": {
							"post": [-18.61, -18.78, 19.22],
							"lerp_mode": "catmullrom"
						},
						"1.0833": {
							"post": [-4.72, -2.76, 20.04],
							"lerp_mode": "catmullrom"
						},
						"1.25": [-4.16, 2.12, 20.35],
						"1.375": [-1.315, 0.3775, 5.86],
						"1.5": [0, 0, 5],
						"1.6667": [0, 0, 5],
						"1.8333": [-0.25, 0, 1.5],
						"2.375": [-0.25, 0, 1.5],
						"2.4167": [0, 0, 0]
					}
				},
				"rotate": {
					"rotation": {
						"0.0": [0, 0, 0],
						"0.0417": [0, 0, 0],
						"0.0833": [0, 0, 55.5],
						"0.1667": [0, 0, 90],
						"2.375": [0, 0, 90],
						"2.4583": [0, 0, 67],
						"2.5833": [0, 0, 0]
					}
				},
				"camera": {
					"rotation": {
						"0.0": {
							"post": [0.45, 0, 0.2],
							"lerp_mode": "catmullrom"
						},
						"0.2917": {
							"post": [0.45067, 6.49949, 0.32655],
							"lerp_mode": "catmullrom"
						},
						"0.3333": {
							"post": [-1.27351, 6.36621, 4.13959],
							"lerp_mode": "catmullrom"
						},
						"0.375": {
							"post": [2.91923, 8.27441, -2.49721],
							"lerp_mode": "catmullrom"
						},
						"0.4583": {
							"post": [2.78824, 7.87396, 1.96923],
							"lerp_mode": "catmullrom"
						},
						"0.6667": {
							"post": [10.34758, 10.79893, 0.3736],
							"lerp_mode": "catmullrom"
						},
						"1.0417": {
							"post": [14.77991, 12.91531, 1.43171],
							"lerp_mode": "catmullrom"
						},
						"1.375": {
							"post": [14.34456, 12.84868, 1.031],
							"lerp_mode": "catmullrom"
						},
						"1.7083": {
							"post": [8.83399, 9.67346, 1.22422],
							"lerp_mode": "catmullrom"
						},
						"1.7917": {
							"post": [9.72361, 9.27868, 3.71839],
							"lerp_mode": "catmullrom"
						},
						"1.8333": {
							"post": [7.84528, 9.40962, -1.30334],
							"lerp_mode": "catmullrom"
						},
						"1.875": {
							"post": [8.72425, 9.0764, 1.1723],
							"lerp_mode": "catmullrom"
						},
						"1.9583": {
							"post": [8.83399, 9.67346, 1.22422],
							"lerp_mode": "catmullrom"
						},
						"2.3333": {
							"post": [8.2499, 8.52243, 1.17418],
							"lerp_mode": "catmullrom"
						},
						"2.4167": {
							"post": [9.44644, 12.69443, 5.54817],
							"lerp_mode": "catmullrom"
						},
						"2.4583": {
							"post": [7.88288, 12.77762, 0.37116],
							"lerp_mode": "catmullrom"
						},
						"2.5": {
							"post": [8.57916, 12.40712, 2.88031],
							"lerp_mode": "catmullrom"
						},
						"2.5833": {
							"post": [9.40032, 10.20187, 5.34993],
							"lerp_mode": "catmullrom"
						},
						"2.875": {
							"post": [11.42, 12.77, 5.11],
							"lerp_mode": "catmullrom"
						},
						"3.125": {
							"post": [-4.00602, 2.49577, 5.88693],
							"lerp_mode": "catmullrom"
						},
						"3.5": {
							"post": [3.47964, -0.18966, 2.07517],
							"lerp_mode": "catmullrom"
						},
						"4.2083": {
							"post": [0, 0, 0],
							"lerp_mode": "catmullrom"
						},
						"4.625": {
							"post": [0, 0, 0],
							"lerp_mode": "catmullrom"
						}
					}
				},
				"pin": {
					"position": {
						"0.0": [0, 0, -0.5],
						"2.3333": [0, 0, -0.5],
						"2.4167": [0, 0, 0]
					}
				},
				"right_hand": {
					"rotation": {
						"0.0": [83.24097, -21.06286, -26.22848],
						"0.0833": {
							"pre": [74.24, 0.49, 53.64],
							"post": [74.24, 0.49, 53.64],
							"lerp_mode": "catmullrom"
						},
						"0.25": {
							"post": [78.19123, 2.03846, 86.08519],
							"lerp_mode": "catmullrom"
						},
						"0.875": {
							"post": [157.18236, -15.42888, 14.95616],
							"lerp_mode": "catmullrom"
						},
						"1.25": {
							"post": [123.88435, -16.07001, -8.13317],
							"lerp_mode": "catmullrom"
						},
						"1.4583": {
							"post": [94.91967, -19.83268, 24.84511],
							"lerp_mode": "catmullrom"
						},
						"1.5833": {
							"post": [87.41967, -19.83268, 24.84511],
							"lerp_mode": "catmullrom"
						},
						"1.75": {
							"post": [87.41967, -19.83268, 24.84511],
							"lerp_mode": "catmullrom"
						},
						"1.8333": {
							"post": [96.86386, -14.8432, 24.43647],
							"lerp_mode": "catmullrom"
						},
						"2.125": {
							"post": [72.16591, -7.37602, 25.91755],
							"lerp_mode": "catmullrom"
						},
						"2.3333": {
							"post": [71.7368, 2.18534, 53.00075],
							"lerp_mode": "catmullrom"
						},
						"2.4167": {
							"post": [80.93137, -0.68166, 75.62754],
							"lerp_mode": "catmullrom"
						},
						"2.5417": {
							"post": [93.63698, -7.19222, -1.85153],
							"lerp_mode": "catmullrom"
						},
						"2.75": [83.24097, -21.06286, -26.22848]
					},
					"position": {
						"0.0": [4, -12, -2],
						"0.0417": {
							"pre": [1.5, -7, -3.81],
							"post": [1.5, -7, -3.81],
							"lerp_mode": "catmullrom"
						},
						"0.125": {
							"post": [4.75, -4.63, -4.28],
							"lerp_mode": "catmullrom"
						},
						"0.2083": {
							"post": [5.75, -4.13, -3.905],
							"lerp_mode": "catmullrom"
						},
						"0.2917": {
							"post": [4.5, -5.5, 2],
							"lerp_mode": "catmullrom"
						},
						"0.875": {
							"post": [0, -16, 4],
							"lerp_mode": "catmullrom"
						},
						"1.25": {
							"post": [0, -5, 3],
							"lerp_mode": "catmullrom"
						},
						"1.375": {
							"post": [3, -7, -8.75],
							"lerp_mode": "catmullrom"
						},
						"1.5833": {
							"post": [3.75, -7, -9.75],
							"lerp_mode": "catmullrom"
						},
						"1.7083": {
							"post": [4, -7, -10.75],
							"lerp_mode": "catmullrom"
						},
						"1.7917": [4.5, -8, -14.75],
						"1.9167": [4.18, -7.55, -14.6725],
						"2.125": {
							"pre": [2.5, -5, 2.25],
							"post": [2.5, -5, 2.25],
							"lerp_mode": "catmullrom"
						},
						"2.3333": {
							"post": [5.48, -4.76, 2.71],
							"lerp_mode": "catmullrom"
						},
						"2.4167": {
							"post": [5.5, -4.75, -3.75],
							"lerp_mode": "catmullrom"
						},
						"2.5417": {
							"post": [2.14, -6.36, -2.73],
							"lerp_mode": "catmullrom"
						},
						"2.75": [4, -12, -2]
					}
				}
			},
			"sound_effects": {
				"0.0417": {
					"effect": "bf1:tg1918/boltopen"
				},
				"0.8333": {
					"effect": "bf1:tg1918/insert"
				},
				"2.25": {
					"effect": "bf1:tg1918/boltclose"
				}
			}
		},
		"shoot": {
			"animation_length": 2.1333,
			"bones": {
				"root": {
					"rotation": {
						"0.0": {
							"post": [0, 0, 0],
							"lerp_mode": "catmullrom"
						},
						"0.0667": {
							"post": [3.49069, 0.15232, -6.99835],
							"lerp_mode": "catmullrom"
						},
						"0.1": {
							"post": [-8.32024, 1.33042, 5.79388],
							"lerp_mode": "catmullrom"
						},
						"0.1667": {
							"post": [-19.38564, -0.61289, -1.91761],
							"lerp_mode": "catmullrom"
						},
						"0.2667": {
							"post": [-20.3263, -0.64862, -3.1926],
							"lerp_mode": "catmullrom"
						},
						"0.3667": {
							"post": [-20.66448, -0.95049, 1.89646],
							"lerp_mode": "catmullrom"
						},
						"0.6": {
							"post": [-18.42425, 0.27786, 0.43549],
							"lerp_mode": "catmullrom"
						},
						"0.8333": {
							"post": [-1.26932, -0.21405, -0.46178],
							"lerp_mode": "catmullrom"
						},
						"1.0": {
							"post": [2.65012, 0.076, 0.12379],
							"lerp_mode": "catmullrom"
						},
						"1.3": {
							"post": [-1.01, 0.07, 0.09],
							"lerp_mode": "catmullrom"
						},
						"1.6667": {
							"post": [0.04509, 0.01634, -0.04605],
							"lerp_mode": "catmullrom"
						},
						"2.1333": {
							"post": [0, 0, 0],
							"lerp_mode": "catmullrom"
						}
					},
					"position": {
						"0.0": {
							"post": [0, 0, 0],
							"lerp_mode": "catmullrom"
						},
						"0.0333": {
							"post": [0, -0.75, 3.2],
							"lerp_mode": "catmullrom"
						},
						"0.1": {
							"post": [0, 0.675, 3.455],
							"lerp_mode": "catmullrom"
						},
						"0.2333": {
							"post": [-0.125, 1.18, 3.525],
							"lerp_mode": "catmullrom"
						},
						"0.4": {
							"post": [-0.075, 0.51, 3.245],
							"lerp_mode": "catmullrom"
						},
						"0.6": {
							"post": [0, -0.47, 2.015],
							"lerp_mode": "catmullrom"
						},
						"0.9": {
							"post": [0, -0.78, 0.405],
							"lerp_mode": "catmullrom"
						},
						"1.1667": {
							"post": [0, -0.415, -0.19],
							"lerp_mode": "catmullrom"
						},
						"1.4": {
							"post": [0, -0.15, 0.1],
							"lerp_mode": "catmullrom"
						},
						"1.6333": {
							"post": [0.03125, -0.17, -0.03],
							"lerp_mode": "catmullrom"
						},
						"2.1333": {
							"post": [0, 0, 0],
							"lerp_mode": "catmullrom"
						}
					}
				},
				"camera": {
					"rotation": {
						"0.0": {
							"post": [0, 0, -0.33421],
							"lerp_mode": "catmullrom"
						},
						"0.0333": {
							"post": [0, 0, 4.71475],
							"lerp_mode": "catmullrom"
						},
						"0.0667": {
							"post": [0, 0, -4.21936],
							"lerp_mode": "catmullrom"
						},
						"0.1": {
							"post": [0, 0, 2.75725],
							"lerp_mode": "catmullrom"
						},
						"0.1333": {
							"post": [0, 0, -2.93255],
							"lerp_mode": "catmullrom"
						},
						"0.2": {
							"post": [0, 0, 1.71412],
							"lerp_mode": "catmullrom"
						},
						"0.2667": {
							"post": [0, 0, -1.79115],
							"lerp_mode": "catmullrom"
						},
						"0.3333": {
							"post": [0, 0, 1.025],
							"lerp_mode": "catmullrom"
						},
						"0.4": {
							"post": [0, 0, -0.9375],
							"lerp_mode": "catmullrom"
						},
						"0.5": {
							"post": [0, 0, 0.5],
							"lerp_mode": "catmullrom"
						},
						"0.6": {
							"post": [0.12, 0, -0.27],
							"lerp_mode": "catmullrom"
						},
						"0.7333": {
							"post": [0.34, 0, 0.17],
							"lerp_mode": "catmullrom"
						},
						"0.9": {
							"post": [0.5, 0, -0.17827],
							"lerp_mode": "catmullrom"
						},
						"1.0667": {
							"post": [0.26, 0, 0.1],
							"lerp_mode": "catmullrom"
						},
						"1.4333": {
							"post": [-0.25066, 0, -0.11924],
							"lerp_mode": "catmullrom"
						},
						"2.1333": {
							"post": [0, 0, 0],
							"lerp_mode": "catmullrom"
						}
					}
				}
			}
		},
		"draw": {
			"loop": "hold_on_last_frame",
			"animation_length": 3,
			"bones": {
				"root": {
					"rotation": {
						"0.0": {
							"post": [-98, 0, 0],
							"lerp_mode": "catmullrom"
						},
						"0.7917": {
							"post": [-67, 0, 0],
							"lerp_mode": "catmullrom"
						},
						"1.4167": {
							"post": [-58.91, 0, 0],
							"lerp_mode": "catmullrom"
						},
						"1.75": {
							"post": [4.63, 0, 0],
							"lerp_mode": "catmullrom"
						},
						"2.375": {
							"post": [0.5, 0, 0],
							"lerp_mode": "catmullrom"
						},
						"3.0": {
							"post": [0, 0, 0],
							"lerp_mode": "catmullrom"
						}
					},
					"position": {
						"0.0": {
							"post": [0, -13, 2],
							"lerp_mode": "catmullrom"
						},
						"0.4583": {
							"post": [0, -2, 0],
							"lerp_mode": "catmullrom"
						},
						"0.6667": {
							"post": [0, -9.25, 0.75],
							"lerp_mode": "catmullrom"
						},
						"1.0": {
							"post": [0, -10, 1.25],
							"lerp_mode": "catmullrom"
						},
						"1.2917": {
							"post": [0, -1.38, 0.1],
							"lerp_mode": "catmullrom"
						},
						"1.5833": {
							"post": [0, -1.35, -0.01],
							"lerp_mode": "catmullrom"
						},
						"2.4167": {
							"post": [0, 0, 0],
							"lerp_mode": "catmullrom"
						},
						"3.0": {
							"post": [0, 0, 0],
							"lerp_mode": "catmullrom"
						}
					}
				},
				"camera": {
					"rotation": {
						"0.0": {
							"post": [0, 0, 0],
							"lerp_mode": "catmullrom"
						},
						"0.1667": {
							"post": [0.45974, 2.30847, -4.9828],
							"lerp_mode": "catmullrom"
						},
						"0.25": {
							"post": [0.56121, -0.45368, -7.00698],
							"lerp_mode": "catmullrom"
						},
						"0.375": {
							"post": [-3.98107, -0.43523, -4.98107],
							"lerp_mode": "catmullrom"
						},
						"0.4583": {
							"post": [-4.019, 4.98093, -0.43688],
							"lerp_mode": "catmullrom"
						},
						"0.625": {
							"post": [-0.22, 0, 0],
							"lerp_mode": "catmullrom"
						},
						"0.7083": {
							"post": [2.47178, -0.65182, 4.95744],
							"lerp_mode": "catmullrom"
						},
						"0.75": {
							"post": [2.53153, -0.77613, 7.88475],
							"lerp_mode": "catmullrom"
						},
						"0.8333": {
							"post": [2.58976, -0.53728, 3.05244],
							"lerp_mode": "catmullrom"
						},
						"0.9167": {
							"post": [2.58461, -0.56319, 4.13958],
							"lerp_mode": "catmullrom"
						},
						"1.2083": {
							"post": [-1, 0, 0],
							"lerp_mode": "catmullrom"
						},
						"1.5417": {
							"post": [0.47178, -0.15182, -0.04256],
							"lerp_mode": "catmullrom"
						},
						"1.5833": {
							"post": [0.53153, -0.27613, 1.63475],
							"lerp_mode": "catmullrom"
						},
						"1.6667": {
							"post": [0.58976, -0.03728, -1.44756],
							"lerp_mode": "catmullrom"
						},
						"1.7917": {
							"post": [0.58461, -0.06319, 0.26458],
							"lerp_mode": "catmullrom"
						},
						"2.2917": {
							"post": [0, 0, 0],
							"lerp_mode": "catmullrom"
						},
						"3.0": {
							"post": [0, 0, 0],
							"lerp_mode": "catmullrom"
						}
					}
				},
				"left_hand": {
					"rotation": {
						"0.0": [98.92578, 13.89981, 41.84648],
						"0.7083": [98.92578, 13.89981, 41.84648],
						"0.9167": [98.92578, 20.64981, 41.84648]
					},
					"position": {
						"0.0": [-3.6875, -10.75, -16.75],
						"0.7083": [-3.6875, -10.75, -16.75],
						"0.9167": [-3.6875, -10.75, -14.5]
					},
					"scale": [1, 1.3, 1]
				}
			},
			"sound_effects": {
				"0.5": {
					"effect": "bf1:impact1"
				},
				"1.5": {
					"effect": "bf1:impact2"
				}
			}
		},
		"put_away": {
			"animation_length": 1.2917,
			"bones": {
				"root": {
					"rotation": {
						"0.0": {
							"post": [0, 0, 0],
							"lerp_mode": "catmullrom"
						},
						"0.2917": {
							"post": [-4.53, -1.25, 4.58],
							"lerp_mode": "catmullrom"
						},
						"0.4583": {
							"post": [-27.15, -7.52, -8.53],
							"lerp_mode": "catmullrom"
						},
						"0.5417": {
							"post": [-40.73045, -11.28181, -12.80042],
							"lerp_mode": "catmullrom"
						},
						"0.7083": {
							"post": [-51.25268, -7.98916, -16.98839],
							"lerp_mode": "catmullrom"
						},
						"0.875": {
							"post": [-59.1046, 20.10068, 0.608],
							"lerp_mode": "catmullrom"
						},
						"1.0": {
							"post": [-67.12, 33.68, 8.77],
							"lerp_mode": "catmullrom"
						},
						"1.1667": {
							"post": [-74.38, 35.33, 10.02],
							"lerp_mode": "catmullrom"
						},
						"1.2917": {
							"post": [-89.38, 35.33, 10.02],
							"lerp_mode": "catmullrom"
						}
					},
					"position": {
						"0.0": {
							"post": [0, 0, 0],
							"lerp_mode": "catmullrom"
						},
						"0.25": {
							"post": [-0.38, -1.39, 0.09],
							"lerp_mode": "catmullrom"
						},
						"0.4583": {
							"post": [-1.325, -2, 0.28],
							"lerp_mode": "catmullrom"
						},
						"0.5417": {
							"post": [-1.95, -2.9, 1.95],
							"lerp_mode": "catmullrom"
						},
						"0.7083": {
							"post": [-2.2, -4.555, 4.37],
							"lerp_mode": "catmullrom"
						},
						"0.9167": {
							"post": [-4.7, -8.48, 7.94],
							"lerp_mode": "catmullrom"
						},
						"1.1667": {
							"post": [-7.59, -13.82, 14.07],
							"lerp_mode": "catmullrom"
						},
						"1.2917": {
							"post": [-7.59, -13.82, 14.07],
							"lerp_mode": "catmullrom"
						}
					}
				},
				"camera": {
					"rotation": {
						"0.0": {
							"post": [0, 0, 0],
							"lerp_mode": "catmullrom"
						},
						"0.1667": {
							"post": [-0.225, 0, -0.125],
							"lerp_mode": "catmullrom"
						},
						"0.5": {
							"post": [0.725, 0, 0.175],
							"lerp_mode": "catmullrom"
						},
						"0.6667": {
							"post": [1.125, 0, 1.575],
							"lerp_mode": "catmullrom"
						},
						"1.0": {
							"post": [0.275, 0, 1.5],
							"lerp_mode": "catmullrom"
						},
						"1.1667": {
							"post": [0, 0, 0],
							"lerp_mode": "catmullrom"
						},
						"1.2917": {
							"post": [0, 0, 0],
							"lerp_mode": "catmullrom"
						}
					}
				},
				"right_hand": {
					"rotation": {
						"0.0": {
							"post": [94.24358, -340.76656, -210.22236],
							"lerp_mode": "catmullrom"
						},
						"0.1667": {
							"post": [99.08168, -353.2679, -180.61753],
							"lerp_mode": "catmullrom"
						},
						"0.375": {
							"post": [99.92205, -324.96551, -168.50279],
							"lerp_mode": "catmullrom"
						},
						"0.5417": {
							"post": [101.48941, -375.72158, -1.01416],
							"lerp_mode": "catmullrom"
						},
						"0.75": {
							"post": [127.80049, -365.47083, -6.36937],
							"lerp_mode": "catmullrom"
						},
						"1.1667": {
							"post": [131.93942, -347.49859, -38.54941],
							"lerp_mode": "catmullrom"
						},
						"1.2917": {
							"post": [131.93942, -347.49859, -38.54941],
							"lerp_mode": "catmullrom"
						}
					},
					"position": {
						"0.0": {
							"post": [4, -12, -2],
							"lerp_mode": "catmullrom"
						},
						"0.1667": {
							"post": [-1, -10, -2],
							"lerp_mode": "catmullrom"
						},
						"0.375": {
							"post": [6, -2, -5],
							"lerp_mode": "catmullrom"
						},
						"0.5833": {
							"post": [8.33, -6.22, -15.33],
							"lerp_mode": "catmullrom"
						},
						"0.75": {
							"post": [7.86, -7.33, -18.4],
							"lerp_mode": "catmullrom"
						},
						"0.875": {
							"post": [8, -7, -18],
							"lerp_mode": "catmullrom"
						},
						"1.1667": {
							"post": [8, -7, -18],
							"lerp_mode": "catmullrom"
						},
						"1.2917": {
							"post": [8, -7, -18],
							"lerp_mode": "catmullrom"
						}
					}
				}
			}
		},
		"inspect": {
			"animation_length": 10.3333,
			"bones": {
				"right_hand": {
					"rotation": {
						"0.0": [83.24097, -21.06286, -26.22848],
						"0.7083": [83.24097, -21.06286, -26.22848],
						"1.875": [-18.73714, 12.34446, -55.28906],
						"7.8333": [-18.73714, 12.34446, -55.28906],
						"9.0417": [83.24097, -21.06286, -26.22848],
						"9.7917": [83.24097, -21.06286, -26.22848]
					},
					"position": {
						"0.0": [4, -12, -2],
						"0.7083": [4, -12, -2],
						"1.875": [5.5625, -12.9375, -2],
						"7.8333": [5.5625, -12.9375, -2],
						"9.0417": [4, -12, -2],
						"9.7917": [4, -12, -2]
					}
				},
				"left_hand": {
					"rotation": {
						"0.0": [98.92578, 20.64981, 41.84648],
						"0.75": [108.21, 19.3, 53.69],
						"1.875": [168.56837, 10.51614, 130.69291],
						"7.8333": [168.56837, 10.51614, 130.69291],
						"9.0": [108.21, 19.3, 53.69],
						"9.7917": [98.92578, 20.64981, 41.84648]
					},
					"position": {
						"0.0": [-3.6875, -10.75, -12.5],
						"0.75": [-3.85, -10.88, -11.43],
						"1.875": [-4.94, -11.75, -17.5],
						"7.8333": [-4.94, -11.75, -17.5],
						"9.0": [-3.85, -10.88, -11.43],
						"9.7917": [-3.6875, -10.75, -12.5]
					}
				},
				"root": {
					"rotation": {
						"0.0": {
							"post": [0, 0, 0],
							"lerp_mode": "catmullrom"
						},
						"0.2083": {
							"post": [1.63, 0, 0],
							"lerp_mode": "catmullrom"
						},
						"0.7083": {
							"post": [18.09, 0, 0],
							"lerp_mode": "catmullrom"
						},
						"1.2917": {
							"post": [-51.15907, -45.84557, 23.78526],
							"lerp_mode": "catmullrom"
						},
						"1.875": {
							"post": [59.42806, -67.53892, -50.6864],
							"lerp_mode": "catmullrom"
						},
						"2.4583": {
							"post": [89.30245, -80.31189, -87.05543],
							"lerp_mode": "catmullrom"
						},
						"4.5417": {
							"post": [29.44474, -73.3821, -26.94345],
							"lerp_mode": "catmullrom"
						},
						"6.2917": {
							"post": [67.68553, -79.07714, -70.83896],
							"lerp_mode": "catmullrom"
						},
						"7.25": {
							"post": [89.30245, -80.31189, -87.05543],
							"lerp_mode": "catmullrom"
						},
						"7.875": {
							"post": [59.42806, -67.53892, -50.6864],
							"lerp_mode": "catmullrom"
						},
						"8.5417": {
							"post": [-81.15907, -45.84557, 23.78526],
							"lerp_mode": "catmullrom"
						},
						"9.125": {
							"post": [18.09, 0, 0],
							"lerp_mode": "catmullrom"
						},
						"9.9583": {
							"post": [1.63, 0, 0],
							"lerp_mode": "catmullrom"
						},
						"10.3333": {
							"post": [0, 0, 0],
							"lerp_mode": "catmullrom"
						}
					},
					"position": {
						"0.0": {
							"post": [0, 0, 0],
							"lerp_mode": "catmullrom"
						},
						"0.2083": {
							"post": [0, -0.63, 0.1],
							"lerp_mode": "catmullrom"
						},
						"0.8333": {
							"post": [0, -6, 1],
							"lerp_mode": "catmullrom"
						},
						"1.2917": {
							"post": [-1, 3, 0],
							"lerp_mode": "catmullrom"
						},
						"2.1667": {
							"post": [-4, -2, -6],
							"lerp_mode": "catmullrom"
						},
						"2.7083": {
							"post": [-5, -1, -7],
							"lerp_mode": "catmullrom"
						},
						"7.0": {
							"post": [-10, -1, -7],
							"lerp_mode": "catmullrom"
						},
						"7.5417": {
							"post": [-7, -4, -6],
							"lerp_mode": "catmullrom"
						},
						"8.5417": {
							"post": [1, 3, -2],
							"lerp_mode": "catmullrom"
						},
						"8.9167": {
							"post": [0, -6, 1],
							"lerp_mode": "catmullrom"
						},
						"9.9583": {
							"post": [0, -0.63, 0.1],
							"lerp_mode": "catmullrom"
						},
						"10.3333": {
							"post": [0, 0, 0],
							"lerp_mode": "catmullrom"
						}
					}
				},
				"camera": {
					"rotation": {
						"0.0": [0, 0, 0],
						"0.4167": {
							"pre": [5, 0, 0],
							"post": [5, 0, 0],
							"lerp_mode": "catmullrom"
						},
						"0.7083": {
							"post": [-5.07643, 0.66742, 7.47041],
							"lerp_mode": "catmullrom"
						},
						"1.2917": {
							"post": [-12.47, -0.26, 1.29],
							"lerp_mode": "catmullrom"
						},
						"1.75": {
							"post": [0.28917, -0.2335, 0.0157],
							"lerp_mode": "catmullrom"
						},
						"1.9167": {
							"post": [9.89021, 0.30145, -0.23261],
							"lerp_mode": "catmullrom"
						},
						"2.25": {
							"post": [9.65906, 0.80244, -0.69426],
							"lerp_mode": "catmullrom"
						},
						"3.0417": {
							"post": [19.7759, 5.80662, -1.63639],
							"lerp_mode": "catmullrom"
						},
						"4.5417": {
							"post": [20.98736, 25.59618, -1.0906],
							"lerp_mode": "catmullrom"
						},
						"6.2917": {
							"post": [10.56483, -28.74997, -2.92125],
							"lerp_mode": "catmullrom"
						},
						"7.7083": {
							"post": [-2.5508, -3.28525, -0.73266],
							"lerp_mode": "catmullrom"
						},
						"8.0417": {
							"post": [3.27762, -1.91659, 1],
							"lerp_mode": "catmullrom"
						},
						"8.5": {
							"post": [-8.65041, -1.64407, -4.46248],
							"lerp_mode": "catmullrom"
						},
						"9.125": {
							"post": [15.42037, -0.87039, -2.36249],
							"lerp_mode": "catmullrom"
						},
						"10.3333": {
							"post": [0, 0, 0],
							"lerp_mode": "catmullrom"
						}
					},
					"position": [0, 0, 0]
				}
			},
			"sound_effects": {
				"0.25": {
					"effect": "bf1:put_away"
				}
			}
		},
		"run_start": {
			"animation_length": 1,
			"bones": {
				"root": {
					"rotation": {
						"0.0": {
							"post": [0, 0, 0],
							"lerp_mode": "catmullrom"
						},
						"0.3333": {
							"post": [9.41518, -0.88119, 12.54624],
							"lerp_mode": "catmullrom"
						},
						"0.6667": {
							"post": [17.16518, -8.88119, 15.54624],
							"lerp_mode": "catmullrom"
						},
						"1.0": {
							"post": [9, -34.54, 5],
							"lerp_mode": "catmullrom"
						}
					},
					"position": {
						"0.0": {
							"post": [0, 0, 0],
							"lerp_mode": "catmullrom"
						},
						"0.1667": {
							"post": [-1.5, -2, 1],
							"lerp_mode": "catmullrom"
						},
						"0.3333": {
							"post": [-2.53, -1.75, 2],
							"lerp_mode": "catmullrom"
						},
						"0.5": {
							"post": [-3.06, -3.25, 2],
							"lerp_mode": "catmullrom"
						},
						"0.6667": {
							"post": [-2.76, -2.5, 2],
							"lerp_mode": "catmullrom"
						},
						"1.0": {
							"post": [-0.5925, -4.25, 1],
							"lerp_mode": "catmullrom"
						}
					}
				}
			}
		},
		"run": {
			"loop": true,
			"animation_length": 0.6667,
			"bones": {
				"root": {
					"rotation": {
						"0.0": {
							"post": [9, -34.54, 5],
							"lerp_mode": "catmullrom"
						},
						"0.25": {
							"post": [9, -40, 5],
							"lerp_mode": "catmullrom"
						},
						"0.375": {
							"post": [9, -40, 5],
							"lerp_mode": "catmullrom"
						},
						"0.5417": {
							"post": [9, -35, 5],
							"lerp_mode": "catmullrom"
						},
						"0.6667": {
							"post": [9, -34.54, 5],
							"lerp_mode": "catmullrom"
						}
					},
					"position": {
						"0.0": {
							"post": [-0.5925, -4.25, 1],
							"lerp_mode": "catmullrom"
						},
						"0.125": {
							"post": [0.7525, -3, 1],
							"lerp_mode": "catmullrom"
						},
						"0.2083": {
							"post": [0.7525, -3, 1],
							"lerp_mode": "catmullrom"
						},
						"0.3333": {
							"post": [-0.5925, -4.25, 1],
							"lerp_mode": "catmullrom"
						},
						"0.4583": {
							"post": [-2, -3, 1],
							"lerp_mode": "catmullrom"
						},
						"0.5417": {
							"post": [-2, -3, 1],
							"lerp_mode": "catmullrom"
						},
						"0.6667": {
							"post": [-0.5925, -4.25, 1],
							"lerp_mode": "catmullrom"
						}
					}
				}
			}
		},
		"run_hold": {
			"loop": true,
			"bones": {
				"root": {
					"rotation": [9, -34.54, 5],
					"position": [-0.5925, -4.25, 1]
				}
			}
		},
		"melee_bayonet_1": {
			"animation_length": 5.3333,
			"bones": {
				"root": {
					"rotation": {
						"0.0": [0, 0, 0],
						"0.5": [33.24, 37.4, 83.13],
						"4.7917": [33.24, 37.4, 87.13],
						"5.3333": [0, 0, 0]
					},
					"position": {
						"0.0": [0, 0, 0],
						"0.5": [-5.49, 13.49, 3.37],
						"4.7917": [-5.49, 13.49, 3.37],
						"5.3333": [0, 0, 0]
					}
				}
			},
			"sound_effects": {
				"0.0": {
					"effect": "bf1:vo/bayonet1"
				}
			}
		},
		"melee_bayonet_2": {
			"animation_length": 5.3333,
			"bones": {
				"root": {
					"rotation": {
						"0.0": [0, 0, 0],
						"0.5": [33.24, 37.4, 83.13],
						"4.7917": [33.24, 37.4, 87.13],
						"5.3333": [0, 0, 0]
					},
					"position": {
						"0.0": [0, 0, 0],
						"0.5": [-5.49, 13.49, 3.37],
						"4.7917": [-5.49, 13.49, 3.37],
						"5.3333": [0, 0, 0]
					}
				}
			},
			"sound_effects": {
				"0.0": {
					"effect": "bf1:vo/bayonet2"
				}
			}
		},
		"melee_bayonet_3": {
			"animation_length": 5.3333,
			"bones": {
				"root": {
					"rotation": {
						"0.0": [0, 0, 0],
						"0.5": [33.24, 37.4, 83.13],
						"4.7917": [33.24, 37.4, 87.13],
						"5.3333": [0, 0, 0]
					},
					"position": {
						"0.0": [0, 0, 0],
						"0.5": [-5.49, 13.49, 3.37],
						"4.7917": [-5.49, 13.49, 3.37],
						"5.3333": [0, 0, 0]
					}
				}
			},
			"sound_effects": {
				"0.0": {
					"effect": "bf1:vo/bayonet3"
				}
			}
		}
	}
}