{
	"format_version": "1.12.0",
	"minecraft:geometry": [
		{
			"description": {
				"identifier": "geometry.unknown",
				"texture_width": 64,
				"texture_height": 64,
				"visible_bounds_width": 3,
				"visible_bounds_height": 2,
				"visible_bounds_offset": [0, 0, 0]
			},
			"bones": [
				{
					"name": "root",
					"pivot": [0, 0, 0]
				},
				{
					"name": "bipods",
					"parent": "root",
					"pivot": [0, -0.5, 0],
					"rotation": [-12.5, 0, 0],
					"cubes": [
						{
							"origin": [-2, -1.5, -1.125],
							"size": [4, 1.5, 1.9375],
							"uv": {
								"north": {"uv": [14, 14], "uv_size": [4, 1.5]},
								"east": {"uv": [17, 17], "uv_size": [2, 1.5]},
								"south": {"uv": [0, 15], "uv_size": [4, 1.5]},
								"west": {"uv": [0, 18], "uv_size": [2, 1.5]},
								"up": {"uv": [14, 0], "uv_size": [4, 2]},
								"down": {"uv": [14, 5], "uv_size": [4, -2]}
							}
						},
						{
							"origin": [-2.8125, -12.75, -0.8125],
							"size": [5.625, 0.375, 1.3125],
							"uv": {
								"north": {"uv": [6, 18], "uv_size": [5.5, 0.5]},
								"south": {"uv": [19, 0], "uv_size": [5.5, 0.5]},
								"up": {"uv": [0, 12], "uv_size": [5.5, 1.5]},
								"down": {"uv": [7, 13.5], "uv_size": [5.5, -1.5]}
							}
						},
						{
							"origin": [-4.05136, -17.39083, -0.3125],
							"size": [0.125, 1.75, 0.3125],
							"pivot": [-3.92636, -15.64083, 0],
							"rotation": [0, 0, -170],
							"uv": {
								"north": {"uv": [28.5, 0], "uv_size": [-0.5, 2]},
								"east": {"uv": [4.5, 28], "uv_size": [-0.5, 2]},
								"south": {"uv": [28.5, 3], "uv_size": [-0.5, 2]},
								"up": {"uv": [20.5, 34], "uv_size": [-0.5, 0.5]}
							}
						},
						{
							"origin": [-4.94445, -13.44905, -1.0625],
							"size": [0.4375, 0.5, 1.8125],
							"pivot": [-4.94445, -13.44905, -1.0625],
							"rotation": [0, 0, 131],
							"uv": {
								"north": {"uv": [12.5, 33], "uv_size": [-0.5, 0.5]},
								"south": {"uv": [14.5, 33], "uv_size": [-0.5, 0.5]},
								"west": {"uv": [24, 25], "uv_size": [-2, 0.5]},
								"up": {"uv": [26.5, 0], "uv_size": [-0.5, 2]},
								"down": {"uv": [26.5, 5], "uv_size": [-0.5, -2]}
							}
						},
						{
							"origin": [-1, -1.25, 0.75],
							"size": [2, 1.25, 1],
							"uv": {
								"north": {"uv": [3, 18], "uv_size": [2, 1.5]},
								"east": {"uv": [19, 14], "uv_size": [1, 1.5]},
								"west": {"uv": [6, 20], "uv_size": [1, 1.5]},
								"up": {"uv": [14, 0], "uv_size": [4, 2]},
								"down": {"uv": [19, 3], "uv_size": [2, -1]}
							}
						},
						{
							"origin": [-1, -1, 1.75],
							"size": [2, 1, 0.25],
							"uv": {
								"east": {"uv": [30, 28], "uv_size": [0.5, 1]},
								"south": {"uv": [19, 4], "uv_size": [2, 1]},
								"west": {"uv": [29, 30], "uv_size": [0.5, 1]}
							}
						},
						{
							"origin": [-1, -1.34149, 1.72101],
							"size": [2, 0.3535, 0.25],
							"pivot": [-1, -1.02899, 1.97101],
							"rotation": [-45, 0, 0],
							"uv": {
								"east": {"uv": [33, 8], "uv_size": [0.5, 0.5]},
								"south": {"uv": [25, 21], "uv_size": [2, 0.5]},
								"west": {"uv": [33, 10], "uv_size": [0.5, 0.5]}
							}
						},
						{
							"origin": [4.50695, -13.44905, -1.0625],
							"size": [0.4375, 0.5, 1.8125],
							"pivot": [4.94445, -13.44905, -1.0625],
							"rotation": [0, 0, -131],
							"uv": {
								"north": {"uv": [12, 33], "uv_size": [0.5, 0.5]},
								"east": {"uv": [22, 25], "uv_size": [2, 0.5]},
								"south": {"uv": [14, 33], "uv_size": [0.5, 0.5]},
								"up": {"uv": [26, 0], "uv_size": [0.5, 2]},
								"down": {"uv": [26, 5], "uv_size": [0.5, -2]}
							}
						},
						{
							"origin": [-10.90763, -1.25214, -1.0625],
							"size": [12.75, 0.5625, 1.8125],
							"pivot": [1.84237, -1.25214, -1.0625],
							"rotation": [0, 0, -97.5],
							"uv": {
								"north": {"uv": [14, 6], "uv_size": [13, 0.5]},
								"east": {"uv": [8, 26], "uv_size": [2, 0.5]},
								"south": {"uv": [14, 8], "uv_size": [13, 0.5]},
								"up": {"uv": [0, 0], "uv_size": [13, 2]},
								"down": {"uv": [0, 5], "uv_size": [13, -2]}
							}
						},
						{
							"origin": [-11.03263, -1.75214, -0.9375],
							"size": [2.3125, 0.5625, 1.5625],
							"pivot": [1.34237, -1.75214, -1.0625],
							"rotation": [0, 0, -97.5],
							"uv": {
								"north": {"uv": [21, 14], "uv_size": [2.5, 0.5]},
								"south": {"uv": [21, 19], "uv_size": [2.5, 0.5]}
							}
						},
						{
							"origin": [2.0981, -12.36447, -0.9375],
							"size": [2.3125, 0.5625, 1.5625],
							"pivot": [2.0981, -11.80197, 0.5],
							"rotation": [0, 0, -83.5],
							"uv": {
								"north": {"uv": [21, 21], "uv_size": [2.5, 0.5]},
								"south": {"uv": [22, 2], "uv_size": [2.5, 0.5]}
							}
						},
						{
							"origin": [-0.03756, -14.40719, -0.9375],
							"size": [2.4375, 0.3125, 1.5625],
							"pivot": [2.39994, -14.09469, 0.625],
							"rotation": [0, 0, -180],
							"uv": {
								"north": {"uv": [22, 4], "uv_size": [2.5, 0.5]},
								"south": {"uv": [8, 22], "uv_size": [2.5, 0.5]}
							}
						},
						{
							"origin": [0.94889, -14.46648, -1.0625],
							"size": [2, 0.5, 1.8125],
							"pivot": [2.94889, -13.96648, -1],
							"rotation": [0, 0, 179.5],
							"uv": {
								"north": {"uv": [11, 26], "uv_size": [2, 0.5]},
								"south": {"uv": [17, 26], "uv_size": [2, 0.5]},
								"west": {"uv": [27, 18], "uv_size": [2, 0.5]},
								"up": {"uv": [5, 15], "uv_size": [2, 2]},
								"down": {"uv": [8, 17], "uv_size": [2, -2]}
							}
						},
						{
							"origin": [2.03988, -15.65826, -0.3125],
							"size": [0.21875, 0.625, 0.3125],
							"pivot": [3.00863, -15.15826, -1],
							"rotation": [0, 0, 179.5],
							"uv": {
								"north": {"uv": [33, 26], "uv_size": [0.5, 0.5]},
								"east": {"uv": [33, 30], "uv_size": [0.5, 0.5]},
								"south": {"uv": [34, 0], "uv_size": [0.5, 0.5]},
								"west": {"uv": [34, 2], "uv_size": [0.5, 0.5]}
							}
						},
						{
							"origin": [1.91488, -16.40826, -0.3125],
							"size": [0.46875, 0.75, 0.3125],
							"pivot": [3.00863, -15.15826, -1],
							"rotation": [0, 0, 179.5],
							"uv": {
								"north": {"uv": [8, 34], "uv_size": [0.5, 0.5]},
								"east": {"uv": [10, 34], "uv_size": [0.5, 0.5]},
								"south": {"uv": [34, 12], "uv_size": [0.5, 0.5]},
								"west": {"uv": [34, 14], "uv_size": [0.5, 0.5]}
							}
						},
						{
							"origin": [4.01319, -16.39842, -0.3125],
							"size": [0.125, 1.75, 0.3125],
							"pivot": [4.01319, -15.14842, 0],
							"rotation": [0, 0, -170],
							"uv": {
								"north": {"uv": [22, 27], "uv_size": [0.5, 2]},
								"east": {"uv": [24, 27], "uv_size": [0.5, 2]},
								"south": {"uv": [26, 27], "uv_size": [0.5, 2]}
							}
						},
						{
							"origin": [3.92636, -17.39083, -0.3125],
							"size": [0.125, 1.75, 0.3125],
							"pivot": [3.92636, -15.64083, 0],
							"rotation": [0, 0, 170],
							"uv": {
								"north": {"uv": [28, 0], "uv_size": [0.5, 2]},
								"south": {"uv": [28, 3], "uv_size": [0.5, 2]},
								"west": {"uv": [4, 28], "uv_size": [0.5, 2]},
								"up": {"uv": [20, 34], "uv_size": [0.5, 0.5]}
							}
						},
						{
							"origin": [-1.84237, -1.25214, -1.0625],
							"size": [12.75, 0.5625, 1.8125],
							"pivot": [-1.84237, -1.25214, -1.0625],
							"rotation": [0, 0, 97.5],
							"uv": {
								"north": {"uv": [14, 10], "uv_size": [13, 0.5]},
								"south": {"uv": [14, 12], "uv_size": [13, 0.5]},
								"west": {"uv": [6, 28], "uv_size": [2, 0.5]},
								"up": {"uv": [0, 6], "uv_size": [13, 2]},
								"down": {"uv": [0, 11], "uv_size": [13, -2]}
							}
						},
						{
							"origin": [-2.39994, -14.40719, -0.9375],
							"size": [2.4375, 0.3125, 1.5625],
							"pivot": [-2.39994, -14.09469, 0.625],
							"rotation": [0, 0, 180],
							"uv": {
								"north": {"uv": [12, 22], "uv_size": [2.5, 0.5]},
								"south": {"uv": [16, 22], "uv_size": [2.5, 0.5]}
							}
						},
						{
							"origin": [8.72013, -1.75214, -0.9375],
							"size": [2.3125, 0.5625, 1.5625],
							"pivot": [-1.34237, -1.75214, -1.0625],
							"rotation": [0, 0, 97.5],
							"uv": {
								"north": {"uv": [0, 23], "uv_size": [2.5, 0.5]},
								"south": {"uv": [4, 23], "uv_size": [2.5, 0.5]}
							}
						},
						{
							"origin": [-4.4106, -12.36447, -0.9375],
							"size": [2.3125, 0.5625, 1.5625],
							"pivot": [-2.0981, -11.80197, 0.5],
							"rotation": [0, 0, 83.5],
							"uv": {
								"north": {"uv": [20, 23], "uv_size": [2.5, 0.5]},
								"south": {"uv": [8, 24], "uv_size": [2.5, 0.5]}
							}
						},
						{
							"origin": [-2.94889, -14.46648, -1.0625],
							"size": [2, 0.5, 1.8125],
							"pivot": [-2.94889, -13.96648, -1],
							"rotation": [0, 0, -179.5],
							"uv": {
								"north": {"uv": [13, 26], "uv_size": [-2, 0.5]},
								"east": {"uv": [29, 18], "uv_size": [-2, 0.5]},
								"south": {"uv": [19, 26], "uv_size": [-2, 0.5]},
								"up": {"uv": [7, 15], "uv_size": [-2, 2]},
								"down": {"uv": [10, 17], "uv_size": [-2, -2]}
							}
						},
						{
							"origin": [-2.38363, -16.40826, -0.3125],
							"size": [0.46875, 0.75, 0.3125],
							"pivot": [-3.00863, -15.15826, -1],
							"rotation": [0, 0, -179.5],
							"uv": {
								"north": {"uv": [8.5, 34], "uv_size": [-0.5, 0.5]},
								"east": {"uv": [34.5, 14], "uv_size": [-0.5, 0.5]},
								"south": {"uv": [34.5, 12], "uv_size": [-0.5, 0.5]},
								"west": {"uv": [10.5, 34], "uv_size": [-0.5, 0.5]}
							}
						},
						{
							"origin": [-4.13819, -16.39842, -0.3125],
							"size": [0.125, 1.75, 0.3125],
							"pivot": [-4.01319, -15.14842, 0],
							"rotation": [0, 0, 170],
							"uv": {
								"north": {"uv": [22.5, 27], "uv_size": [-0.5, 2]},
								"south": {"uv": [26.5, 27], "uv_size": [-0.5, 2]},
								"west": {"uv": [24.5, 27], "uv_size": [-0.5, 2]}
							}
						},
						{
							"origin": [-2.25863, -15.65826, -0.3125],
							"size": [0.21875, 0.625, 0.3125],
							"pivot": [-3.00863, -15.15826, -1],
							"rotation": [0, 0, -179.5],
							"uv": {
								"north": {"uv": [33.5, 26], "uv_size": [-0.5, 0.5]},
								"east": {"uv": [34.5, 2], "uv_size": [-0.5, 0.5]},
								"south": {"uv": [34.5, 0], "uv_size": [-0.5, 0.5]},
								"west": {"uv": [33.5, 30], "uv_size": [-0.5, 0.5]}
							}
						},
						{
							"origin": [-1.0356, -2.80197, -0.875],
							"size": [2.3125, 0.5, 1.5],
							"pivot": [-1.0356, -2.30197, 0.5],
							"rotation": [0, 0, 107.5],
							"uv": {
								"north": {"uv": [12, 24], "uv_size": [2.5, 0.5]},
								"south": {"uv": [16, 24], "uv_size": [2.5, 0.5]}
							}
						},
						{
							"origin": [-2.88457, -2.38283, -0.875],
							"size": [1.3125, 0.8125, 1.5],
							"pivot": [-1.57207, -2.13283, 0.625],
							"rotation": [0, 0, 133.5],
							"uv": {
								"north": {"uv": [8, 20], "uv_size": [1.5, 1]},
								"south": {"uv": [11, 20], "uv_size": [1.5, 1]}
							}
						},
						{
							"origin": [-1.42743, -1.88165, -0.875],
							"size": [2.8125, 0.5625, 1.5],
							"pivot": [-0.02118, -1.6004, 0.5625],
							"rotation": [0, 0, -180],
							"uv": {
								"north": {"uv": [14, 20], "uv_size": [3, 0.5]},
								"south": {"uv": [20, 17], "uv_size": [3, 0.5]}
							}
						},
						{
							"origin": [-1.2769, -2.80197, -0.875],
							"size": [2.3125, 0.5, 1.5],
							"pivot": [1.0356, -2.30197, 0.5],
							"rotation": [0, 0, -107.5],
							"uv": {
								"north": {"uv": [24, 16], "uv_size": [2.5, 0.5]},
								"south": {"uv": [24, 23], "uv_size": [2.5, 0.5]}
							}
						},
						{
							"origin": [1.57207, -2.38283, -0.875],
							"size": [1.3125, 0.8125, 1.5],
							"pivot": [1.57207, -2.13283, 0.625],
							"rotation": [0, 0, -133.5],
							"uv": {
								"north": {"uv": [18, 20], "uv_size": [1.5, 1]},
								"south": {"uv": [0, 21], "uv_size": [1.5, 1]}
							}
						}
					]
				},
				{
					"name": "hexadecagon",
					"parent": "root",
					"pivot": [0, 0, 0],
					"cubes": [
						{
							"origin": [-0.49728, -0.5625, 2],
							"size": [0.99456, 1.125, 0.5],
							"pivot": [0, 0, 0],
							"rotation": [0, 45, 0],
							"uv": {
								"north": {"uv": [16, 28], "uv_size": [1, 1]},
								"south": {"uv": [18, 28], "uv_size": [1, 1]},
								"up": {"uv": [0, 31], "uv_size": [1, 0.5]},
								"down": {"uv": [2, 31.5], "uv_size": [1, -0.5]}
							}
						},
						{
							"origin": [-0.37228, -0.5625, 2],
							"size": [0.86956, 1.125, 0.5],
							"pivot": [0, 0, 0],
							"rotation": [0, 22.5, 0],
							"uv": {
								"north": {"uv": [20, 28], "uv_size": [1, 1]},
								"east": {"uv": [4, 31], "uv_size": [0.5, 1]},
								"south": {"uv": [28, 20], "uv_size": [1, 1]},
								"up": {"uv": [31, 6], "uv_size": [1, 0.5]},
								"down": {"uv": [31, 8.5], "uv_size": [1, -0.5]}
							}
						},
						{
							"origin": [-0.49728, -0.5625, 2],
							"size": [0.99456, 1.125, 0.5],
							"uv": {
								"north": {"uv": [28, 22], "uv_size": [1, 1]},
								"east": {"uv": [31, 10], "uv_size": [0.5, 1]},
								"south": {"uv": [28, 24], "uv_size": [1, 1]},
								"west": {"uv": [12, 31], "uv_size": [0.5, 1]},
								"up": {"uv": [14, 31], "uv_size": [1, 0.5]},
								"down": {"uv": [31, 30.5], "uv_size": [1, -0.5]}
							}
						},
						{
							"origin": [-0.49728, -0.5625, 2],
							"size": [0.86956, 1.125, 0.5],
							"pivot": [0, 0, 0],
							"rotation": [0, -22.5, 0],
							"uv": {
								"north": {"uv": [28, 26], "uv_size": [1, 1]},
								"south": {"uv": [28, 28], "uv_size": [1, 1]},
								"west": {"uv": [32, 0], "uv_size": [0.5, 1]},
								"up": {"uv": [32, 2], "uv_size": [1, 0.5]},
								"down": {"uv": [32, 4.5], "uv_size": [1, -0.5]}
							}
						},
						{
							"origin": [-0.49728, -0.5625, -2.5],
							"size": [0.99456, 1.125, 0.5],
							"pivot": [0, 0, 0],
							"rotation": [0, -45, 0],
							"uv": {
								"north": {"uv": [30, 0], "uv_size": [1, 1]},
								"east": {"uv": [6, 32], "uv_size": [0.5, 1]},
								"south": {"uv": [30, 2], "uv_size": [1, 1]},
								"up": {"uv": [8, 32], "uv_size": [1, 0.5]},
								"down": {"uv": [10, 32.5], "uv_size": [1, -0.5]}
							}
						},
						{
							"origin": [2, -0.5625, -0.49728],
							"size": [0.5, 1.125, 0.99456],
							"pivot": [0, 0, 0],
							"rotation": [0, 22.5, 0],
							"uv": {
								"east": {"uv": [30, 4], "uv_size": [1, 1]},
								"west": {"uv": [6, 30], "uv_size": [1, 1]},
								"up": {"uv": [32, 12], "uv_size": [0.5, 1]},
								"down": {"uv": [32, 15], "uv_size": [0.5, -1]}
							}
						},
						{
							"origin": [2, -0.5625, -0.49728],
							"size": [0.5, 1.125, 0.99456],
							"uv": {
								"east": {"uv": [8, 30], "uv_size": [1, 1]},
								"west": {"uv": [10, 30], "uv_size": [1, 1]},
								"up": {"uv": [16, 32], "uv_size": [0.5, 1]},
								"down": {"uv": [32, 17], "uv_size": [0.5, -1]}
							}
						},
						{
							"origin": [2, -0.5625, -0.49728],
							"size": [0.5, 1.125, 0.99456],
							"pivot": [0, 0, 0],
							"rotation": [0, -22.5, 0],
							"uv": {
								"east": {"uv": [30, 12], "uv_size": [1, 1]},
								"west": {"uv": [30, 14], "uv_size": [1, 1]},
								"up": {"uv": [18, 32], "uv_size": [0.5, 1]},
								"down": {"uv": [32, 19], "uv_size": [0.5, -1]}
							}
						},
						{
							"origin": [-0.49728, -0.5625, -2.5],
							"size": [0.99456, 1.125, 0.5],
							"pivot": [0, 0, 0],
							"rotation": [-180, 45, 180],
							"uv": {
								"north": {"uv": [16, 30], "uv_size": [1, 1]},
								"south": {"uv": [30, 16], "uv_size": [1, 1]},
								"up": {"uv": [20, 32], "uv_size": [1, 0.5]},
								"down": {"uv": [32, 20.5], "uv_size": [1, -0.5]}
							}
						},
						{
							"origin": [2, -0.5625, -0.49728],
							"size": [0.5, 1.125, 0.99456],
							"pivot": [0, 0, 0],
							"rotation": [-180, -22.5, 180],
							"uv": {
								"east": {"uv": [18, 30], "uv_size": [1, 1]},
								"west": {"uv": [30, 18], "uv_size": [1, 1]},
								"up": {"uv": [22, 32], "uv_size": [0.5, 1]},
								"down": {"uv": [32, 23], "uv_size": [0.5, -1]}
							}
						},
						{
							"origin": [2, -0.5625, -0.49728],
							"size": [0.5, 1.125, 0.99456],
							"pivot": [0, 0, 0],
							"rotation": [-180, 0, 180],
							"uv": {
								"east": {"uv": [20, 30], "uv_size": [1, 1]},
								"west": {"uv": [30, 20], "uv_size": [1, 1]},
								"up": {"uv": [24, 32], "uv_size": [0.5, 1]},
								"down": {"uv": [32, 25], "uv_size": [0.5, -1]}
							}
						},
						{
							"origin": [2, -0.5625, -0.49728],
							"size": [0.5, 1.125, 0.99456],
							"pivot": [0, 0, 0],
							"rotation": [-180, 22.5, 180],
							"uv": {
								"east": {"uv": [22, 30], "uv_size": [1, 1]},
								"west": {"uv": [30, 22], "uv_size": [1, 1]},
								"up": {"uv": [26, 32], "uv_size": [0.5, 1]},
								"down": {"uv": [28, 33], "uv_size": [0.5, -1]}
							}
						},
						{
							"origin": [-0.49728, -0.5625, 2],
							"size": [0.99456, 1.125, 0.5],
							"pivot": [0, 0, 0],
							"rotation": [-180, -45, 180],
							"uv": {
								"north": {"uv": [24, 30], "uv_size": [1, 1]},
								"east": {"uv": [32, 28], "uv_size": [0.5, 1]},
								"south": {"uv": [30, 24], "uv_size": [1, 1]},
								"up": {"uv": [30, 32], "uv_size": [1, 0.5]},
								"down": {"uv": [32, 32.5], "uv_size": [1, -0.5]}
							}
						},
						{
							"origin": [-0.25, -0.5625, 2.5],
							"size": [0.5, 0.1875, 0.625],
							"uv": {
								"east": {"uv": [35, 6], "uv_size": [0.5, 0.5]},
								"south": {"uv": [35, 8], "uv_size": [0.5, 0.5]},
								"west": {"uv": [35, 10], "uv_size": [0.5, 0.5]},
								"up": {"uv": [12, 35], "uv_size": [0.5, 0.5]},
								"down": {"uv": [14, 35.5], "uv_size": [0.5, -0.5]}
							}
						}
					]
				}
			]
		}
	]
}