{
  "ammo": "tacz:762x39",
  "ammo_amount": 25,
  "bolt": "closed_bolt",
  "rpm": 224,
  "bullet": {
    "life": 2,
    "bullet_amount": 1,
    "damage": 12,
    "tracer_count_interval": 0,
    "extra_damage": {
      "armor_ignore": 0.5,
      "head_shot_multiplier": 1.75,
      "damage_adjust": [
        {
          "distance": 40,
          "damage": 11
        },
        {
          "distance": 60,
          "damage": 12.5
        },
        {
          "distance": 80,
          "damage": 10
        },
        {
          "distance": "infinite",
          "damage": 9
        }
      ]
    },
    "speed": 350,
    "gravity": 0.045,
    "knockback": 0,
    "friction": 0.025,
    "ignite": false,
    "pierce": 3
  },
  "reload": {
    "type": "magazine",
    "feed": {
      "empty": 2.73,
      "tactical": 1.87
    },
    "cooldown": {
      "empty": 3.47,
      "tactical": 2.37
    }
  },
  "draw_time": 0.7,
  "put_away_time": 0.3,
  "aim_time": 0.15,
  "sprint_time": 0.15,

  "weight": 4.1,
  "movement_speed": {
    "base": 0.0,
    "aim": -0.1,
    "reload": 0.0
  },

  "fire_mode": [
    "semi"
  ],
  "recoil": {
    "pitch": [
      {
        "time": 0,
        "value": [ 1.25, 1.25 ]
      },
      {
        "time": 0.25,
        "value": [ 1.25, 1.25 ]
      },
      {
        "time": 0.5,
        "value": [ -0.225, -0.225 ]
      },
      {
        "time": 0.6,
        "value": [ 0, 0 ]
      },
      {
        "time": 0.8,
        "value": [ 0, 0 ]
      }
    ],
    "yaw": [
      {
        "time": 0,
        "value": [ -0.35, 0.15 ]
      },
      {
        "time": 0.5,
        "value": [ -0.35, 0.15 ]
      },
      {
        "time": 0.7,
        "value": [ 0, 0 ]
      }
    ]
  },

  "allow_attachment_types": [

    "scope",
    "grip",
    "muzzle"

  ],
  "inaccuracy": {
    "stand": 5,
    "move": 8,
    "sneak": 3,
    "lie": 2,
    "aim": 0.1
  }
}