{
  "ammo": "tacz:12g",
  "rpm": 220,
  "bullet": {
    "life": 0.6,
    "bullet_amount": 12,
    "damage": 30,
    "tracer_count_interval": 0,
    "extra_damage": {
      "armor_ignore": 0.25,
      "head_shot_multiplier": 1.33,
      "damage_adjust": [
        {"distance": 15, "damage": 30},
        {"distance": 20, "damage": 25},
        {"distance": "infinite", "damage": 15}
      ]
    },
    "speed": 125,
    "gravity": 0.15,
    "knockback": 0.35,
    "friction": 0.05,
    "ignite": false,
    "pierce": 1
  },
  "ammo_amount": 5,
  "bolt": "manual_action",
  "reload": {
    "type": "magazine",
    "feed": {
      "empty": 2.97,
      "tactical": 2.03
    },
    "cooldown": {
      "empty": 4.3,
      "tactical": 2.7
    }
  },
  "draw_time": 0.5,
  "put_away_time": 0.5,
  "aim_time": 0.15,
  "bolt_action_time": 0.33,
  "sprint_time": 0.1,
  "weight": 3.52,
  "movement_speed": {
    "base": 0.0,
    "aim": 0.0,
    "reload": 0.1
  },
  "crawl_recoil_multiplier": 0.5,
  "fire_mode": [
    "semi"
  ],
  "allow_attachment_types": [
    "extended_mag",
    "scope",
    "stock",
    "muzzle",
    "grip",
    "laser"
  ],
   "builtin_attachments": {
   "stock": "tacz:oem_stock_tactical"
  },
  "recoil": {
    "pitch": [
      {"time": 0, "value": [2.85, 2.95]},
      {"time": 0.48, "value": [2.35, 2.35]},
      {"time": 0.53, "value": [0, 0.25]},
      {"time": 0.8, "value": [0.5, 0.5]}
    ],
    "yaw": [
      {"time": 0, "value": [-1.2, -0.8]},
      {"time": 0.1, "value": [-1.2, -0.8]},
      {"time": 0.2, "value": [0.15, 0.15]},
      {"time": 0.4, "value": [0, 0]}
    ]
  },
  "inaccuracy": {
    "stand": 2.25,
    "move": 3,
    "sneak": 2.25,
    "lie": 2.25,
    "aim": 2.25
  },
  // 近战相关
  "melee": {
    // 枪械距离参数，用来延升近战攻击范围
    // 会与刺刀等配件的距离做加和
    "distance": 1,
    // 使用时的冷却时间
    "cooldown": 0.6,
    // 默认近战数据，会被配件的数据替换掉
    "default": {
      // 动画类型：没有枪托的为 melee_push，有枪托的为 melee_stock
      "animation_type": "melee_stock",
      // 刺刀距离参数，枪械里还有个刺刀攻击距离参数，两者做加和
      "distance": 1,
      // 刺刀范围角度
      "range_angle": 30,
      // 伤害值
      "damage": 2,
      // 击退效果
      "knockback": 0.75,
      // 前摇时长，单位：秒
      "prep": 0.1
    }
  }
}