{
  "ammo": "tacz:50bmg",
  "ammo_amount": 1,

  "bolt": "open_bolt",
  "rpm": 50,
  "bullet": {
    "life": 1.5,
    "bullet_amount": 1,
    "damage": 70,
    "tracer_count_interval": 0,
    "extra_damage": {
      "armor_ignore": 0.75,
      "head_shot_multiplier": 2.5,
      "damage_adjust": [
        {
          "distance": 75,
          "damage": 75
        },
        {
          "distance": 150,
          "damage": 70
        },
        {
          "distance": "infinite",
          "damage": 60
        }
      ]
    },
    "speed": 300,
    "gravity": 0.098,
    "knockback": 0.3,
    "friction": 0.03,
    "ignite": false,
    "pierce": 5
  },
  "reload": {
    "type": "magazine",
    "feed": {
      "empty": 2.63,
      "tactical": 0
    },
    "cooldown": {
      "empty": 4,
      "tactical": 0
    }
  },
  "draw_time": 1.69,
  "put_away_time": 1,
  "aim_time": 0.32,
  "sprint_time": 0.5,
 // "bolt_action_time": 1.43,
  // 重量，枪械的总重将影响“移速属性”，默认-1.5%移动速度/kg，可在ServerConfig中调整
  // 调整的属性会作为“百分比增加”类型(MULTIPLY_BASE)的属性修饰器添加至实体上
  // 注意，移速属性并不能直接反应实际移速，此属性对实际移速的影响较为复杂，请自行查阅相关资料
  "weight": 15.8,
  // 额外移速修正，多种情况同时满足时，仅计算最后一个修正
  // 对于其中的每个情况，最终的修正值是枪械和所有配件该情况下修正值的和
  // 调整的属性将作为“最终乘算”类型(MULTIPLY_TOTAL)的属性修饰器添加至实体上
  "movement_speed": {
    // 默认修正
    "base": 0.1,
    // 瞄准时
    "aim": -0.2,
    // 换弹时
    "reload": 0
  },
  "fire_mode": [
    "semi"
  ],
  "recoil": {
    "pitch": [
      {
        "time": 0,
        "value": [ 12, 12 ]
      },
      {
        "time": 0.2,
        "value": [ 24, 24 ]
      },
      {
        "time": 0.5,
        "value": [ 24, 24 ]
      },
      {
        "time": 0.83,
        "value": [ 0.5, 0.5 ]
      },
      {
        "time": 1.2,
        "value": [ 2, 2 ]
      },
      {
        "time": 1.4,
        "value": [ 0.2, 0.2 ]
      },
      {
        "time": 1.75,
        "value": [ 0.5, 0.5 ]
      },
      {
        "time": 2,
        "value": [ 0, 0 ]
      }
    ],
    "yaw": [
      {
        "time": 0,
        "value": [ -4, -4 ]
      },
      {
        "time": 0.32,
        "value": [ -6, -6 ]
      },
      {
        "time": 0.5,
        "value": [ -8, -8 ]
      },
      {
        "time": 0.6,
        "value": [ -4, -4 ]
      },
      {
        "time": 0.8,
        "value": [ -1, -1 ]
      },
      {
        "time": 1.3,
        "value": [ 0, 0 ]
      }
    ]
  },
  "inaccuracy": {
    "stand": 9,
    "move": 12.5,
    "sneak": 7.5,
    "lie": 6,
    "aim": 0.05
  },
  // 近战相关
  "melee": {
    // 枪械距离参数，用来延升近战攻击范围
    // 会与刺刀等配件的距离做加和
    "distance": 1,
    // 使用时的冷却时间
    "cooldown": 1.2,
    // 默认近战数据，会被配件的数据替换掉
    "default": {
      // 动画类型：没有枪托的为 melee_push，有枪托的为 melee_stock
      "animation_type": "melee_push",
      // 刺刀距离参数，枪械里还有个刺刀攻击距离参数，两者做加和
      "distance": 1,
      // 刺刀范围角度
      "range_angle": 30,
      // 伤害值
      "damage": 5,
      // 击退效果
      "knockback": 0.85,
      // 前摇时长，单位：秒
      "prep": 0.3
    }
  },
  "allow_attachment_types": [
    "scope",
    "grip",
    "muzzle"
  ]
}