{
  "ammo": "bf1:fuel",
  "rpm": 666,
  "bullet": {
    "life": 0.5,
    "bullet_amount": 6,
    "damage": 4,
    // 曳光弹间隔数量，没有此字段则不发射曳光弹
    // 设置为 0 则是每发都是曳光弹
    //"tracer_count_interval": 0,
    "extra_damage": {
      "armor_ignore": 0.75,
      "head_shot_multiplier": 1.25,
      "damage_adjust": [
        {
          "distance": 8,
          "damage": 4
        },

        {
          "distance": "infinite",
          "damage": 3.6
        }
      ]
    },
    "speed": 50,
    "gravity": -2,
    "knockback": 0.1,
    "friction": 0.33,
    "ignite": {
      // 点燃实体
      "entity": true,
      // 点燃方块
      "block": true
    },
    // 点燃时间，默认为 2 秒，仅用于实体
    "ignite_entity_time": 8,
    "pierce": 8
  },
  "ammo_amount": 100,
  "extended_mag_ammo_amount": [
    115,
    130,
    150
  ],
  "bolt": "open_bolt",
  "reload": {
    "type": "fuel",
    "feed": {
      "empty": 3.58,
      "tactical": 3.58
    },
    "cooldown": {
      "empty": 4.79,
      "tactical": 4.79
    }
  },
  "draw_time": 2,
  "put_away_time": 1.75,
  "aim_time": 0.2,
  "sprint_time": 0.21,

  // 重量，枪械的总重将影响“移速属性”，默认-1.5%移动速度/kg，可在ServerConfig中调整
  // 调整的属性会作为“百分比增加”类型(MULTIPLY_BASE)的属性修饰器添加至实体上
  // 注意，移速属性并不能直接反应实际移速，此属性对实际移速的影响较为复杂，请自行查阅相关资料
  "weight": 15,
  // 额外移速修正，多种情况同时满足时，仅计算最后一个修正
  // 对于其中的每个情况，最终的修正值是枪械和所有配件该情况下修正值的和
  // 调整的属性将作为“最终乘算”类型(MULTIPLY_TOTAL)的属性修饰器添加至实体上
  "movement_speed": {
    // 默认修正
    "base": 0.1,
    // 瞄准时
    "aim": -0.15,
    // 换弹时
    "reload": 0
  },

  "fire_mode": [
    "auto"
  ],
  "allow_attachment_types": [
    "extended_mag"
  ],
  "recoil": {
    "pitch": [
      {
        "time": 0,
        "value": [ 0, 0 ]
      },
      {
        "time": 0.5,
        "value": [ 0, 0 ]
      }
    ],
    "yaw": [
      {
        "time": 0,
        "value": [ -0.8, 0.8 ]
      },
      {
        "time": 0.3,
        "value": [ -0.8, 0.8 ]
      },
      {
        "time": 0.5,
        "value": [ 0.15, 0.15 ]
      },
      {
        "time": 0.6,
        "value": [ 0, 0 ]
      }
    ]
  },
  "inaccuracy": {
    "stand": 7.66,
    "move": 7.66,
    "sneak": 7.66,
    "lie": 7.66,
    "aim": 7.66
  }

}