{
  "materials": [
    {
      "item": {
        "tag": "forge:ingots/iron"
      },
      "count": 42
    },
    {
      "item": {
        "tag": "forge:ingots/copper"
      },
      "count": 10
    },
    {
      "item": {
        "tag": "minecraft:logs"
      },
      "count": 12
    }
  ],
  "result": {
    "type": "gun",
    "id": "bf1:m1916",
//    "attachments": {
//       // 配件类型：配件 id
//       "muzzle": "bf1:marksman_scope"
//    },
  "ammo_count": 25
  }
}