{
  "model": "bf1:gun/model10_geo",
  "texture": "bf1:gun/uv/model10",
  "lod": {
    "model": "bf1:gun/lod/model10",
    "texture": "bf1:gun/lod/model10"
  },
  "hud": "bf1:gun/hud/model10",
  "slot": "bf1:gun/slot/model10",
  "animation": "bf1:model10",
  "use_default_animation": "rifle",
  "third_person_animation": "default",
  "show_crosshair": false,
  "transform": {
    "scale": {
      "thirdperson": [ 0.6, 0.6, 0.6 ],
      "ground": [ 0.6, 0.6, 0.6 ],
      "fixed": [ 1.2, 1.2, 1.2 ]
    }
  },
  "muzzle_flash": {
    "texture": "bf1:flash/spark",
    "scale": 5
  },
  // 机瞄的放大倍数，默认 1.2
  "iron_zoom": 1.2,
  // 抛壳的渲染数据，可为空，若为空，则枪械不抛壳
/*  "shell": {
    // 抛壳的初速度
    "initial_velocity": [ 5, 2, 1 ],
    // 抛壳随机变化的运动速度
    "random_velocity": [ 1, 1, 0.25 ],
    // 抛壳的加速度
    "acceleration": [ 0.0, -10, 0.0 ],
    // 抛壳的三轴角速度
    "angular_velocity": [ 0, 0, 0 ],
    // 抛壳渲染存活时间，单位为秒
    "living_time": 1.0
  },
  "ammo": {
    "shell": {
      "model": "bf1:shell/smoke",
      "texture": "bf1:shell/smoke"
    }
  },*/
  "sounds": {
    "reload_empty": "bf1:model10/bolt",
    "reload_tactical": "bf1:model10/pre",
    "inspect": "tacz:rpg7/rpg7_inspect",
    "inspect_empty": "bf1:vo/request_ammo",
    "draw": "bf1:model10/deploy",
    "put_away": "tacz:db_short/db_short_put_away",
    "shoot": "bf1:model10/shoot",
    "shoot_3p": "tacz:db_long/dbl_shoot_3p",
    "bolt": "bf1:model10/bolt",
    "melee_push": "tacz:melee_stock/melee_stock_01",
    "melee_stock": "tacz:melee_stock/melee_stock_03",
    "melee_bayonet": "no",

    "head_hit": "no",
    "flesh_hit": "no",
    "kill": "bf1:kill"
  },
  "offhand_show": {
    "pos": [ 0, 20, 4 ],
    "rotate": [ 0, 0, 60 ],
    "scale": [ 0.5, 0.5, 0.5 ]
  },
  "hotbar_show": {
    "0": {
      "pos": [ 0, 20, 3 ],
      "rotate": [ -180, 0, 120 ],
      "scale": [ 0.5, 0.5, 0.5 ]
    }
  }
}