{
  // 默认的模型，在包目录下的 models 文件夹中寻找，不可为空
  "model": "bf1:gun/smg0818_geo",
  // 默认材质，不可为空
  "texture": "bf1:gun/uv/smg0818",
  // 低模
  "lod": {
    "model": "bf1:gun/lod/smg0818",
    "texture": "bf1:gun/lod/smg0818"
  },
  // GUI/HUD 界面的 2D 材质，在包目录下的 textures 文件夹中寻找，可为空，若为空，则对应位置不会渲染
  "hud": "bf1:gun/hud/smg0818",
  // GUI/HUD 界面的 2D 材质，在包目录下的 textures 文件夹中寻找，可为空
  // 若为空，则对应位置渲染改为：上述 hud + 代码着成红色
  //"hud_empty": "tac:gun/hud/ak47_empty",
  // 背包/快捷栏等容器中槽位显示的 2D 材质，在包目录下的 textures 文件夹中寻找，不建议为空
  "slot": "bf1:gun/slot/smg0818",
  // 调用的动画名，会在包目录下的 animations 文件夹中寻找，不建议为空
  "animation": "bf1:smg0818",
  // 指定使用缺省动画，可为空。如果上文指定的动画文件里缺少某个动画，如 draw 动画，则会从缺省动画拷贝。
  // 值可为 rifle、pistol
  "use_default_animation": "rifle",
  // 第三人称动画，硬编码，只能选择已有类型，默认只有 default
  "third_person_animation": "default",
  // 调整各个视角下模型的变换参数，可为空
  "show_crosshair": false,
  "transform": {
    // 暂时只有缩放需要在这里指定，旋转和位移使用模型内定位组。
    // 可以为空，若为空，则不缩放模型。
    "scale": {
      // 第三人称手部
      "thirdperson": [
        0.6,
        0.6,
        0.6
      ],
      // 地面实体
      "ground": [
        0.6,
        0.6,
        0.6
      ],
      // 展示框
      "fixed": [
        1.2,
        1.2,
        1.2
      ]
    }
  },
  "muzzle_flash": {
    "texture": "tacz:flash/common_muzzle_flash",
    "scale": 1
  },
  // 机瞄的放大倍数，默认 1.2
  "iron_zoom": 1.2,
  // 抛壳的渲染数据，可为空，若为空，则枪械不抛壳
  "shell": {
    // 抛壳的初速度
    "initial_velocity": [ 8, 2, 1 ],
    // 抛壳随机变化的运动速度
    "random_velocity": [ 3, 3, 0.75 ],
    // 抛壳的加速度
    "acceleration": [ 0.0, -10, 0.0 ],
    // 抛壳的三轴角速度
    "angular_velocity": [ 360, -1200, 90 ],
    // 抛壳渲染存活时间，单位为秒
    "living_time": 0.8
  },
  // 枪械音效，在包目录下 sounds 文件夹内寻找，不建议为空
  "sounds": {
    "shoot": "bf1:smg0818/smg0818_shoot",
    "shoot_3p": "bf1:smg0818/smg0818_shoot_3p",
    "reload_empty": "bf1:smg0818/smg0818_reload_empty",
    "reload_tactical": "bf1:smg0818/smg0818_reload_tactical",
    "inspect": "bf1:smg0818/smg0818_inspect",
    "inspect_empty": "bf1:smg0818/smg0818_inspect_empty",
    "draw": "bf1:smg0818/smg0818_draw",
    "put_away": "bf1:smg0818/smg0818_put_away",
    "silence": "bf1:smg0818/smg0818_silence",
    "silence_3p": "bf1:smg0818/smg0818_silence_3p",

    "head_hit": "bf1:head_hit",
    "flesh_hit": "bf1:flesh_hit",
    "kill": "bf1:kill"
    // 下面四个音效可以不写，模组会自动添加默认音效
  }
}