{
  "model": "bf1:gun/wex_geo",
  "texture": "bf1:gun/uv/wex",
  "lod": {
    "model": "bf1:gun/lod/wex",
    "texture": "bf1:gun/lod/wex"
  },
  "hud": "bf1:gun/hud/wex",
  "slot": "bf1:gun/slot/wex",
  "animation": "bf1:wex",
  "use_default_animation": "rifle",
  "third_person_animation": "default",
  // 弹药计量样式，可选值：”normal“(显示实际值)、”percent“(显示百分比)，默认为”normal“
  "ammo_count_style": "percent",
  "show_crosshair": true,
  "transform": {
    "scale": {
      "thirdperson": [ 0.6, 0.6, 0.6 ],
      "ground": [ 0.6, 0.6, 0.6 ],
      "fixed": [ 1.2, 1.2, 1.2 ]
    }
  },
  "muzzle_flash": {
    "texture": "bf1:flash/flame",
    "scale": 3.5
  },
  /*  "shell": {
    "initial_velocity": [5, 2, 1],
    "random_velocity": [1, 1, 0.25],
    "acceleration": [0.0, -10, 0.0],
    "angular_velocity": [360, -1200, 90],
    "living_time": 1.0
  },*/
  // 机瞄的放大倍数，默认 1.2
  "iron_zoom": 1.05,
  "sounds": {
    "shoot": "bf1:wex/flame",
    "shoot_3p": "bf1:wex/flame",
    "dry_fire": "bf1:wex/dry_fire",
    "reload_empty": "tacz:aa12/aa12_put_away",
    "reload_tactical": "tacz:aa12/aa12_put_away",
    //"inspect": "bf1:wex/pre",
    "inspect_empty": "bf1:wex/dry_fire",
    "draw": "bf1:wex/draw",
    "put_away": "tacz:aa12/aa12_put_away",

    "head_hit": "no",
    "flesh_hit": "no",
    "kill": "bf1:kill"
  },
  "offhand_show": {
    "pos": [ 1, 19, 4 ],
    "rotate": [ 0, 0, 50 ],
    "scale": [ 0.5, 0.5, 0.5 ]
  },
  "hotbar_show": {
    "0": {
      "pos": [ -1, 19, 3 ],
      "rotate": [ -180, 0, 130 ],
      "scale": [ 0.5, 0.5, 0.5 ]
    }
  }
}